"visit_date","utm_source","utm_medium","utm_campaign","visitors_count","total_cost","leads_count","purchases_count","revenue"
2023-06-25,admitad,cpa,admitad,79,0,1,1,134100
2023-06-01,yandex,cpc,prof-frontend,96,57138,6,1,23000
2023-06-01,vk,cpc,base-python,83,2537,4,1,23000
2023-06-01,google,organic,,6713,0,0,0,0
2023-06-01,organic,organic,,2040,0,0,0,0
2023-06-01,yandex,cpc,freemium,130,21654,5,0,0
2023-06-01,vk,cpc,freemium-frontend,126,3160,7,0,0
2023-06-01,admitad,cpa,admitad,100,0,0,0,0
2023-06-01,vk,cpc,prof-python,97,2028,2,0,0
2023-06-01,vk,cpc,prof-java,82,3115,2,0,0
2023-06-01,yandex,cpc,prof-python,82,33026,3,0,0
2023-06-01,vk,cpc,prof-data-analytics,76,1072,0,0,0
2023-06-01,vk,cpc,freemium-java,72,487,1,0,0
2023-06-01,vk,cpc,freemium-python,66,980,0,0,0
2023-06-01,yandex,cpc,prof-java,61,29490,1,0,0
2023-06-01,bing.com,organic,,59,0,0,0,0
2023-06-01,yandex,cpc,base-frontend,54,18061,4,0,0
2023-06-01,telegram,cpp,base-python,44,0,0,0,0
2023-06-01,telegram,cpp,base-java,38,0,0,0,0
2023-06-01,yandex,cpc,base-python,37,12524,4,0,0
2023-06-01,vk,cpc,prof-frontend,30,0,0,0,0
2023-06-01,yandex,cpc,base-java,26,19252,2,0,0
2023-06-01,yandex,cpc,prof-professions-brand,24,4818,1,0,0
2023-06-01,yandex,cpc,prof-data-analytics,17,10086,0,0,0
2023-06-01,yandex,cpc,prof-professions-retarget,15,1714,0,0,0
2023-06-01,tproger,cpc,dod-frontend,11,0,0,0,0
2023-06-01,vk,cpm,prof-data-analytics,11,385,0,0,0
2023-06-01,vk-senler,cpc,freemium,10,0,0,0,0
2023-06-01,yandex,cpc,dod-frontend,10,2871,0,0,0
2023-06-01,zen,social,hexlet-blog,9,0,0,0,0
2023-06-01,zen,social,prof-frontend,8,0,0,0,0
2023-06-01,yandex,cpc,dod-professions,7,0,0,0,0
2023-06-01,yandex,cpc,dod-java,6,2906,0,0,0
2023-06-01,yandex,cpc,dod-php,6,5964,1,0,0
2023-06-01,telegram,cpp,base-frontend,5,0,0,0,0
2023-06-01,telegram,social,course_completed,5,0,0,0,0
2023-06-01,yandex,cpc,dod-python-java,5,0,0,0,0
2023-06-01,telegram,cpp,dod-php,4,0,0,0,0
2023-06-01,vk,social,all-courses,4,0,0,0,0
2023-06-01,yandex,cpc,base-professions-retarget,4,151,0,0,0
2023-06-01,zen,social,prof-backend,4,0,0,0,0
2023-06-01,google,cpc,frontend,3,0,0,0,0
2023-06-01,telegram,cpp,dod-java,3,0,0,0,0
2023-06-01,vk,cpp,dod-php,3,0,0,0,0
2023-06-01,yandex.com,organic,,3,0,0,0,0
2023-06-01,twitter,social,hexlet-blog,2,0,0,0,0
2023-06-01,vk,cpp,intensive-python,2,0,0,0,0
2023-06-01,vk,social,hexlet-blog,2,0,0,0,0
2023-06-01,Yandex,cpc,"03997128",1,0,0,0,0
2023-06-01,Yandex,cpm,"01097402",1,0,0,0,0
2023-06-01,admitad,cpa,"442763",1,0,0,0,0
2023-06-01,dzen,social,dzen_post,1,0,0,0,0
2023-06-01,go.mail.ru,organic,,1,0,0,0,0
2023-06-01,telegram,cpm,base_java,1,0,0,0,0
2023-06-01,telegram,cpm,java,1,0,0,0,0
2023-06-01,telegram,cpp,intensive-python,1,0,0,0,0
2023-06-01,telegram,cpp,prof-php,1,0,0,0,0
2023-06-01,telegram,cpp,prof-python,1,0,1,0,0
2023-06-01,telegram,social,mdtrue*studenty-mnogih-onlayn-kursov-p,1,0,0,0,0
2023-06-01,telegram,social,promo,1,0,0,0,0
2023-06-01,telegram,social,webinars,1,0,0,0,0
2023-06-01,telegram.me,social,neobhodimyy-minimum-linux-dlya-produktivn,1,0,0,0,0
2023-06-01,telegram.me,social,voshozhdenie-po-beskonechnoy-lestnitse-abst,1,0,0,0,0
2023-06-01,twitter,social,devushki_v_it,1,0,0,0,0
2023-06-01,twitter,social,promo,1,0,0,0,0
2023-06-01,twitter.com,social,buffer,1,0,0,0,0
2023-06-01,vc,cpp,dod-php,1,0,0,0,0
2023-06-01,vk,social,course_completed,1,0,0,0,0
2023-06-01,vk,social,general,1,0,0,0,0
2023-06-01,vk,social,hexlet,1,0,0,0,0
2023-06-01,vk,social,hexlet.io/my,1,0,0,0,0
2023-06-01,vk-senler,cpc,base-frontend,1,0,0,0,0
2023-06-01,vkontakte,social,button-vk,1,0,0,0,0
2023-06-02,google,organic,,5608,0,0,0,0
2023-06-02,organic,organic,,1865,0,0,0,0
2023-06-02,vk,cpc,prof-python,242,2032,0,0,0
2023-06-02,vk,cpc,prof-java,218,2783,0,0,0
2023-06-02,vk,cpc,freemium-frontend,211,2538,0,0,0
2023-06-02,vk,cpc,prof-data-analytics,178,4060,0,0,0
2023-06-02,vk,cpc,freemium-java,164,2536,0,0,0
2023-06-02,vk,cpc,freemium-python,147,1739,0,0,0
2023-06-02,vk,cpc,base-python,134,2536,0,0,0
2023-06-02,vk,cpc,prof-frontend,120,0,0,0,0
2023-06-02,admitad,cpa,admitad,76,0,0,0,0
2023-06-02,tproger,cpc,dod-frontend,55,0,0,0,0
2023-06-02,bing.com,organic,,49,0,0,0,0
2023-06-02,telegram,cpp,base-java,27,0,0,0,0
2023-06-02,vk,cpm,prof-data-analytics,15,0,0,0,0
2023-06-02,vk-senler,cpc,freemium,15,0,0,0,0
2023-06-02,telegram,cpp,base-python,13,0,0,0,0
2023-06-02,telegram,cpp,dod-java,13,0,1,0,0
2023-06-02,telegram,cpp,dod-php,9,0,0,0,0
2023-06-02,yandex.com,organic,,6,0,0,0,0
2023-06-02,zen,social,hexlet-blog,6,0,0,0,0
2023-06-02,telegram,cpp,prof-frontend,4,0,1,0,0
2023-06-02,vk,cpm,prof-frontend,4,0,0,0,0
2023-06-02,vk,social,hexlet-blog,4,0,0,0,0
2023-06-02,baidu.com,organic,,3,0,0,0,0
2023-06-02,vk,social,all-courses,3,0,0,0,0
2023-06-02,zen,social,prof-frontend,3,0,0,0,0
2023-06-02,zen,social,promo,3,0,0,0,0
2023-06-02,telegram,cpp,base-frontend,2,0,0,0,0
2023-06-02,telegram,social,course_completed,2,0,0,0,0
2023-06-02,telegram,social,hexlet-blog,2,0,0,0,0
2023-06-02,twitter,social,devushki_v_it,2,0,0,0,0
2023-06-02,vk,cpp,dod-php,2,0,0,0,0
2023-06-02,botmother,tg,frontend,1,0,0,0,0
2023-06-02,dzen,social,dzen_post,1,0,0,0,0
2023-06-02,facebook,cpm,freemium-en,1,0,0,0,0
2023-06-02,facebook,social,learn-to-program-at-30,1,0,0,0,0
2023-06-02,instagram,social,hexlet-blog,1,0,0,0,0
2023-06-02,mytarget,cpc,retarget,1,0,0,0,0
2023-06-02,partners,cpc,prof-python,1,0,0,0,0
2023-06-02,telegram,cpm,base_java,1,0,0,0,0
2023-06-02,telegram,cpp,dod-professions,1,0,0,0,0
2023-06-02,telegram,cpp,prof-python,1,0,0,0,0
2023-06-02,telegram,social,kak_gumanitariyu_popast-v_it,1,0,0,0,0
2023-06-02,telegram,social,promo,1,0,0,0,0
2023-06-02,telegram,social,,1,0,0,0,0
2023-06-02,tg,social,newdirections,1,0,0,0,0
2023-06-02,twitter,social,my-to--chto-my-skrollim-kak-programmistu,1,0,0,0,0
2023-06-02,vc,cpp,dod-php,1,0,0,0,0
2023-06-02,vk,cpc,freemium,1,0,0,0,0
2023-06-02,vk,cpc,prof-qa,1,0,0,0,0
2023-06-02,vk,cpp,base-frontend,1,0,0,0,0
2023-06-02,vk,social,base-python,1,0,0,0,0
2023-06-02,vk,social,dod-php,1,0,0,0,0
2023-06-02,vk,social,general,1,0,0,0,0
2023-06-02,yandex-direct,cpc,"34668848",1,0,0,0,0
2023-06-02,yandex-direct,cpm,"00788899",1,0,0,0,0
2023-06-03,google,organic,,3607,0,0,0,0
2023-06-03,organic,organic,,1381,0,0,0,0
2023-06-03,vk,cpc,freemium-frontend,215,2539,0,0,0
2023-06-03,tproger,cpc,dod-frontend,207,0,0,0,0
2023-06-03,vk,cpc,prof-python,204,2023,0,0,0
2023-06-03,vk,cpc,prof-java,199,2774,0,0,0
2023-06-03,vk,cpc,prof-data-analytics,172,3974,0,0,0
2023-06-03,vk,cpc,freemium-java,150,2656,0,0,0
2023-06-03,vk,cpc,freemium-python,122,1390,0,0,0
2023-06-03,vk,cpc,prof-frontend,122,0,0,0,0
2023-06-03,vk,cpc,base-python,101,2997,0,0,0
2023-06-03,admitad,cpa,admitad,61,0,0,0,0
2023-06-03,bing.com,organic,,31,0,0,0,0
2023-06-03,vk-senler,cpc,freemium,21,0,0,0,0
2023-06-03,telegram,cpp,base-python,16,0,0,0,0
2023-06-03,vk,cpm,prof-data-analytics,12,0,0,0,0
2023-06-03,zen,social,promo,9,0,0,0,0
2023-06-03,telegram,cpp,base-frontend,7,0,0,0,0
2023-06-03,baidu.com,organic,,5,0,0,0,0
2023-06-03,telegram,cpp,base-java,3,0,0,0,0
2023-06-03,telegram,cpp,prof-frontend,3,0,0,0,0
2023-06-03,telegram,social,course_completed,3,0,0,0,0
2023-06-03,vk,cpm,prof-frontend,3,0,0,0,0
2023-06-03,vk,cpp,dod-php,3,0,0,0,0
2023-06-03,vk,social,all-courses,3,0,0,0,0
2023-06-03,yandex.com,organic,,3,0,0,0,0
2023-06-03,google,cpc,frontend,2,0,0,0,0
2023-06-03,telegram,social,hexlet-blog,2,0,0,0,0
2023-06-03,vk,social,hexlet-blog,2,0,0,0,0
2023-06-03,Yandex,cpc,"02284027",1,0,0,0,0
2023-06-03,Yandex,cpc,"59988739",1,0,0,0,0
2023-06-03,Yandex,cpm,"94599791",1,0,0,0,0
2023-06-03,admitad,cpa,"442763",1,0,0,0,0
2023-06-03,dzen,social,dzen_post,1,0,0,0,0
2023-06-03,facebook,cpm,freemium-en,1,0,0,0,0
2023-06-03,telegram,cpp,dod-java,1,0,0,0,0
2023-06-03,telegram,cpp,prof-java,1,0,0,0,0
2023-06-03,telegram,cpp,prof-python,1,0,0,0,0
2023-06-03,telegram,social,base-java,1,0,0,0,0
2023-06-03,telegram,social,webinars,1,0,0,0,0
2023-06-03,telegram –≠—Ç–æ—Ç –∫—É—Ä—Å –ø–æ–±–µ–∂–¥—ë–Ω! üí™üí™üí™ –ë—ã–ª–æ –∫—Ä—É—Ç–æ! üöÄ,social,course_completed,1,0,0,0,0
2023-06-03,twitter,social,course_completed,1,0,0,0,0
2023-06-03,twitter,social,hexlet-blog,1,0,0,0,0
2023-06-03,vc,cpp,dod-frontend,1,0,0,0,0
2023-06-03,vc,cpp,dod-php,1,0,0,0,0
2023-06-03,vk,cpm,java,1,0,0,0,0
2023-06-03,vk,social,base-frontend,1,0,0,0,0
2023-06-03,vk,social,base-python,1,0,0,0,0
2023-06-03,vk,social,course_completed,1,0,0,0,0
2023-06-03,vk,social,prof-python,1,0,0,0,0
2023-06-03,vk,social,promo,1,0,0,0,0
2023-06-03,yandex-direct,cpc,"16645437",1,0,0,0,0
2023-06-03,zen,social,all-courses,1,0,0,0,0
2023-06-04,google,organic,,1032,0,0,0,0
2023-06-04,organic,organic,,951,0,0,0,0
2023-06-04,vk,cpc,freemium-frontend,228,2538,0,0,0
2023-06-04,vk,cpc,prof-python,215,2032,0,0,0
2023-06-04,vk,cpc,prof-java,189,1627,0,0,0
2023-06-04,tproger,cpc,dod-frontend,157,0,0,0,0
2023-06-04,vk,cpc,freemium-java,150,1566,0,0,0
2023-06-04,vk,cpc,base-python,145,2537,0,0,0
2023-06-04,vk,cpc,prof-data-analytics,133,3740,0,0,0
2023-06-04,vk,cpc,freemium-python,131,1305,0,0,0
2023-06-04,vk,cpc,prof-frontend,113,0,0,0,0
2023-06-04,telegram,cpp,base-python,53,0,0,0,0
2023-06-04,admitad,cpa,admitad,49,0,1,0,0
2023-06-04,bing.com,organic,,38,0,0,0,0
2023-06-04,vk,cpm,prof-data-analytics,24,701,0,0,0
2023-06-04,vk-senler,cpc,freemium,15,0,0,0,0
2023-06-04,telegram,cpp,base-frontend,12,0,0,0,0
2023-06-04,telegram,cpp,base-java,12,0,0,0,0
2023-06-04,vk,cpm,prof-frontend,11,0,0,0,0
2023-06-04,baidu.com,organic,,5,0,0,0,0
2023-06-04,telegram,social,hexlet-blog,4,0,0,0,0
2023-06-04,vk,social,hexlet-blog,4,0,0,0,0
2023-06-04,telegram,cpp,prof-python,3,0,0,0,0
2023-06-04,vk,cpp,dod-php,3,0,1,0,0
2023-06-04,vk,social,all-courses,3,0,0,0,0
2023-06-04,vk,social,general,3,0,0,0,0
2023-06-04,twitter,social,hexlet-blog,2,0,0,0,0
2023-06-04,Yandex,cpc,"55670133",1,0,0,0,0
2023-06-04,admitad,cpc,"183258",1,0,0,0,0
2023-06-04,admitad,cpc,"442763",1,0,0,0,0
2023-06-04,dzen,social,dzen_post,1,0,0,0,0
2023-06-04,instagram,social,base-php,1,0,0,0,0
2023-06-04,instagram,social,prof-php,1,0,0,0,0
2023-06-04,telegram,cpm,base_java,1,0,0,0,0
2023-06-04,telegram,cpp,dod-java,1,0,0,0,0
2023-06-04,telegram,cpp,intensive-python,1,0,0,0,0
2023-06-04,telegram,cpp,prof-frontend,1,0,0,0,0
2023-06-04,telegram,cpp,prof-java,1,0,0,0,0
2023-06-04,telegram,social,mdtruena-hekslete-poyavilsya-esche-odin-no,1,0,0,0,0
2023-06-04,telegram,social,promo,1,0,0,0,0
2023-06-04,telegram,social,special,1,0,0,0,0
2023-06-04,telegram.me,social,kogda-to-ya-poobeschal-napisat-prodolzhenie,1,0,0,0,0
2023-06-04,telegram.me,social,kognitivnye-iskazheniya-v-programmirovanii,1,0,0,0,0
2023-06-04,telegram.me,social,pochemu-funktsiya-vozvraschaet-rezultat--p,1,0,0,0,0
2023-06-04,telegram.me,social,vsyo--chto-nuzhno-znat--chtoby-spat-kachest,1,0,0,0,0
2023-06-04,twitter,social,promo,1,0,0,0,0
2023-06-04,twitter.com,social,svezhiy-vzglyad-na-prohozhdenie-proektov-ot,1,0,0,0,0
2023-06-04,vk,cpc,freemium,1,0,0,0,0
2023-06-04,vk,cpc,php,1,0,0,0,0
2023-06-04,vk,social,course_completed,1,0,0,0,0
2023-06-04,vk,social,prof-data-analytics,1,0,0,0,0
2023-06-04,vk,social,prof-python,1,0,0,0,0
2023-06-04,vk,social,prof-qa,1,0,0,0,0
2023-06-04,zen,social,promo,1,0,0,0,0
2023-06-05,google,organic,,6267,0,0,0,0
2023-06-05,organic,organic,,1220,0,0,0,0
2023-06-05,vk,cpc,freemium-frontend,196,2538,0,0,0
2023-06-05,vk,cpc,prof-java,192,2022,0,0,0
2023-06-05,vk,cpc,prof-python,185,5077,0,0,0
2023-06-05,vk,cpc,prof-data-analytics,154,3048,0,0,0
2023-06-05,vk,cpc,freemium-python,140,1118,0,0,0
2023-06-05,vk,cpc,freemium-java,139,397,0,0,0
2023-06-05,vk,cpc,base-python,124,1980,0,0,0
2023-06-05,vk,cpc,prof-frontend,110,0,0,0,0
2023-06-05,admitad,cpa,admitad,61,0,0,0,0
2023-06-05,bing.com,organic,,60,0,0,0,0
2023-06-05,tproger,cpc,dod-frontend,49,0,0,0,0
2023-06-05,telegram,cpp,base-python,40,0,0,0,0
2023-06-05,telegram,cpp,base-frontend,33,0,0,0,0
2023-06-05,vk,cpm,prof-data-analytics,24,761,0,0,0
2023-06-05,telegram,cpp,base-java,20,0,0,0,0
2023-06-05,vk-senler,cpc,dod-php,13,0,0,0,0
2023-06-05,vk-senler,cpc,freemium,11,0,0,0,0
2023-06-05,telegram,social,hexlet-blog,6,0,0,0,0
2023-06-05,telegram,cpp,dod-java,5,0,0,0,0
2023-06-05,telegram,cpp,prof-java,5,0,0,0,0
2023-06-05,vk,cpp,dod-php,5,0,1,0,0
2023-06-05,vk,social,base-java,5,0,0,0,0
2023-06-05,telegram,cpp,prof-python,4,0,0,0,0
2023-06-05,vk,social,all-courses,4,0,0,0,0
2023-06-05,vk,social,base-python,4,0,0,0,0
2023-06-05,vk,social,hexlet-blog,4,0,0,0,0
2023-06-05,telegram,social,course_completed,3,0,0,0,0
2023-06-05,vk,cpm,prof-frontend,3,0,0,0,0
2023-06-05,yandex.com,organic,,3,0,0,0,0
2023-06-05,telegram,cpp,prof-frontend,2,0,0,0,0
2023-06-05,vc,cpp,dod-frontend,2,0,0,0,0
2023-06-05,vk,social,dod-php,2,0,0,0,0
2023-06-05,zen,social,hexlet-blog,2,0,0,0,0
2023-06-05,Yandex,cpc,"16951197",1,0,0,0,0
2023-06-05,Yandex,cpc,"67652027",1,0,0,0,0
2023-06-05,admitad,cpc,"442763",1,0,0,0,0
2023-06-05,baidu.com,organic,,1,0,0,0,0
2023-06-05,facebook,cpc,frontend,1,0,0,0,0
2023-06-05,google,cpc,frontend,1,0,0,0,0
2023-06-05,instagram,social,prof-data-analyst,1,0,0,0,0
2023-06-05,mytarget,cpc,retarget,1,0,0,0,0
2023-06-05,podcast,social,unpack,1,0,0,0,0
2023-06-05,search.ukr.net,organic,,1,0,0,0,0
2023-06-05,telegram,cpm,base,1,0,0,0,0
2023-06-05,telegram,cpm,frontend,1,0,0,0,0
2023-06-05,telegram,social,kak_gumanitariyu_popast-v_it,1,0,0,0,0
2023-06-05,telegram.me,social,kak-rabotaet-npm-install-i-npm-update-v,1,0,0,0,0
2023-06-05,telegram.me,social,kogda-to-ya-poobeschal-napisat-prodolzhenie,1,0,0,0,0
2023-06-05,twitter,social,promo,1,0,0,0,0
2023-06-05,vc,cpp,dod-php,1,0,0,0,0
2023-06-05,vk,cpm,base,1,0,0,0,0
2023-06-05,vk,cpp,dod-frontend,1,0,0,0,0
2023-06-05,vk,social,base-frontend,1,0,0,0,0
2023-06-05,vk,social,dod-java,1,0,0,0,0
2023-06-05,vk,social,dod-professions,1,0,0,0,0
2023-06-05,vk,social,general,1,0,0,0,0
2023-06-05,vk,social,planiruy-uchebu--fokusiruysya-na-protsesse,1,0,0,0,0
2023-06-05,vk,social,prof-data-analyst,1,0,0,0,0
2023-06-05,vk,social,prof-frontend,1,0,0,0,0
2023-06-05,vk-senler,cpc,dod-professions,1,0,0,0,0
2023-06-05,yandex-direct,cpc,"08062768",1,0,0,0,0
2023-06-06,google,organic,,6454,0,0,0,0
2023-06-06,organic,organic,,1466,0,0,0,0
2023-06-06,vk,cpc,prof-python,188,5078,0,0,0
2023-06-06,vk,cpc,freemium-frontend,179,3348,0,0,0
2023-06-06,vk,cpc,prof-java,159,1137,0,0,0
2023-06-06,vk,cpc,freemium-java,140,1916,0,0,0
2023-06-06,vk,cpc,prof-data-analytics,135,3044,0,0,0
2023-06-06,vk,cpc,base-python,121,3301,0,0,0
2023-06-06,vk,cpc,prof-frontend,111,0,0,0,0
2023-06-06,vk,cpc,freemium-python,107,1854,0,0,0
2023-06-06,telegram,cpp,base-frontend,55,0,0,0,0
2023-06-06,admitad,cpa,admitad,53,0,0,0,0
2023-06-06,bing.com,organic,,45,0,0,0,0
2023-06-06,telegram,cpp,base-python,30,0,0,0,0
2023-06-06,vk-senler,cpc,freemium,22,0,0,0,0
2023-06-06,telegram,cpp,base-java,15,0,0,0,0
2023-06-06,vk,cpm,prof-data-analytics,14,759,0,0,0
2023-06-06,tproger,cpc,dod-frontend,8,0,0,0,0
2023-06-06,vk,cpp,base-frontend,7,0,0,0,0
2023-06-06,telegram,social,course_completed,6,0,0,0,0
2023-06-06,baidu.com,organic,,5,0,0,0,0
2023-06-06,vk,cpp,dod-php,5,0,0,0,0
2023-06-06,vk,social,base-java,5,0,0,0,0
2023-06-06,telegram,cpp,dod-java,4,0,0,0,0
2023-06-06,telegram,cpp,prof-python,4,0,0,0,0
2023-06-06,vk,social,general,4,0,0,0,0
2023-06-06,yandex.com,organic,,4,0,0,0,0
2023-06-06,telegram,cpp,prof-java,3,0,0,0,0
2023-06-06,vk,cpc,freemium,3,0,0,0,0
2023-06-06,vk,social,all-courses,3,0,0,0,0
2023-06-06,vk,social,prof-frontend,3,0,0,0,0
2023-06-06,google,cpc,frontend,2,0,0,0,0
2023-06-06,telegram,cpp,prof-frontend,2,0,0,0,0
2023-06-06,vc,cpp,dod-frontend,2,0,1,0,0
2023-06-06,vk,social,base-python,2,0,0,0,0
2023-06-06,vk,social,dod-php,2,0,0,0,0
2023-06-06,admitad,cpc,"183258",1,0,0,0,0
2023-06-06,go.mail.ru,organic,,1,0,0,0,0
2023-06-06,instagram,social,all-courses,1,0,0,0,0
2023-06-06,slack,social,base_alg,1,0,0,0,0
2023-06-06,telegram,cpm,python,1,0,0,0,0
2023-06-06,telegram,cpp,base-php,1,0,0,0,0
2023-06-06,telegram,cpp,dod-professions,1,0,0,0,0
2023-06-06,telegram,cpp,prof-data-analytics,1,0,0,0,0
2023-06-06,telegram,social,hexlet-blog,1,0,0,0,0
2023-06-06,telegram.me,social,"7-tipichnyh-oshibok-imenovaniya-peremennyh",1,0,0,0,0
2023-06-06,twitter,social,course_completed,1,0,0,0,0
2023-06-06,twitter,social,hexlet-blog,1,0,0,0,0
2023-06-06,vk,cpc,prof-qa,1,0,0,0,0
2023-06-06,vk,cpc,python,1,0,0,0,0
2023-06-06,vk,social,dod-frontend,1,0,0,0,0
2023-06-06,vk,social,dod-java,1,0,0,0,0
2023-06-06,vk,social,dod-professions,1,0,0,0,0
2023-06-06,vk,social,hexlet-blog,1,0,0,0,0
2023-06-06,vk,social,hexlet.io/my,1,0,0,0,0
2023-06-06,vk,social,kak-dzhunu-napisat-soprovoditelnoe-pis,1,0,0,0,0
2023-06-06,vk,social,prof-rails,1,0,0,0,0
2023-06-06,vk,social,reshenie-zadach--horoshiy-sposob-zakrepit,1,0,0,0,0
2023-06-06,vk-senler,cpc,dod-php,1,0,0,0,0
2023-06-06,vk-senler,cpc,dod-professions,1,0,0,0,0
2023-06-06,vk.com,social,na-hekslete-poyavilas-novaya-professiya-v,1,0,0,0,0
2023-06-06,yandex-direct,cpc,"68583881",1,0,0,0,0
2023-06-06,zen,social,hexlet-blog,1,0,0,0,0
2023-06-07,organic,organic,,1271,0,0,0,0
2023-06-07,google,organic,,1054,0,0,0,0
2023-06-07,vk,cpc,prof-python,193,5079,0,0,0
2023-06-07,vk,cpc,freemium-frontend,173,2535,0,0,0
2023-06-07,vk,cpc,prof-java,166,1126,0,0,0
2023-06-07,vk,cpc,freemium-java,113,2532,0,0,0
2023-06-07,vk,cpc,freemium-python,112,2916,0,0,0
2023-06-07,vk,cpc,prof-data-analytics,110,3048,0,0,0
2023-06-07,vk,cpc,base-python,107,2516,0,0,0
2023-06-07,vk,cpc,prof-frontend,94,0,0,0,0
2023-06-07,admitad,cpa,admitad,78,0,0,0,0
2023-06-07,bing.com,organic,,66,0,0,0,0
2023-06-07,telegram,cpp,base-frontend,40,0,0,0,0
2023-06-07,vk-senler,cpc,freemium,25,0,0,0,0
2023-06-07,telegram,cpp,base-python,17,0,0,0,0
2023-06-07,vk,cpm,prof-data-analytics,13,762,0,0,0
2023-06-07,vk,cpp,base-frontend,10,0,0,0,0
2023-06-07,telegram,cpp,dod-java,9,0,1,0,0
2023-06-07,telegram,cpp,prof-java,9,0,1,0,0
2023-06-07,tproger,cpc,dod-frontend,9,0,0,0,0
2023-06-07,vk,social,base-python,9,0,0,0,0
2023-06-07,yandex.com,organic,,6,0,0,0,0
2023-06-07,telegram,cpp,base-java,5,0,0,0,0
2023-06-07,telegram,cpp,prof-python,5,0,1,0,0
2023-06-07,vk,social,base-java,4,0,1,0,0
2023-06-07,vk,social,prof-python,4,0,0,0,0
2023-06-07,vk,social,general,3,0,0,0,0
2023-06-07,vk,social,hexlet-blog,3,0,0,0,0
2023-06-07,baidu.com,organic,,2,0,0,0,0
2023-06-07,telegram,social,course_completed,2,0,0,0,0
2023-06-07,telegram,social,promo,2,0,0,0,0
2023-06-07,vk,social,all-courses,2,0,0,0,0
2023-06-07,vk,social,prof-frontend,2,0,0,0,0
2023-06-07,admitad,cpc,"442763",1,0,0,0,0
2023-06-07,botmother,tg,frontend,1,0,0,0,0
2023-06-07,facebook,cpc,python,1,0,0,0,0
2023-06-07,facebook,social,course_completed,1,0,0,0,0
2023-06-07,instagram,social,hexlet-blog,1,0,0,0,0
2023-06-07,instagram,social,prof-python,1,0,0,0,0
2023-06-07,instagram,social,taplink,1,0,0,0,0
2023-06-07,public,social,open_lectures23,1,0,0,0,0
2023-06-07,telegram,cpm,java,1,0,0,0,0
2023-06-07,telegram,cpp,dod-frontend,1,0,0,0,0
2023-06-07,telegram,cpp,prof-frontend,1,0,0,0,0
2023-06-07,telegram,social,base-python,1,0,0,0,0
2023-06-07,telegram,social,glavnye-instrumenty--servisy-i-podhody,1,0,0,0,0
2023-06-07,telegram,social,hexlet-blog,1,0,0,0,0
2023-06-07,telegram,social,webinars,1,0,0,0,0
2023-06-07,telegram,social,,1,0,0,0,0
2023-06-07,twitter,social,hexlet-blog,1,0,0,0,0
2023-06-07,twitter,social,promo,1,0,0,0,0
2023-06-07,vk,cpc,base,1,0,0,0,0
2023-06-07,vk,cpc,frontend,1,0,0,0,0
2023-06-07,vk,cpc,prof-qa,1,0,0,0,0
2023-06-07,vk,cpm,prof-frontend,1,0,0,0,0
2023-06-07,vk,social,base-frontend,1,0,0,0,0
2023-06-07,vk,social,prof-data-analytics,1,0,0,0,0
2023-06-07,vk,social,promo,1,0,0,0,0
2023-06-07,vk,social,reshenie-zadach--horoshiy-sposob-zakrepit,1,0,0,0,0
2023-06-07,vk-senler,cpc,dod-frontend,1,0,0,0,0
2023-06-07,yandex-direct,cpc,"51752512",1,0,0,0,0
2023-06-07,zen,social,hexlet-blog,1,0,0,0,0
2023-06-07,zen,social,prof-frontend,1,0,0,0,0
2023-06-08,google,organic,,6169,0,0,0,0
2023-06-08,organic,organic,,1946,0,0,0,0
2023-06-08,vk,cpc,freemium-frontend,197,2575,0,0,0
2023-06-08,vk,cpc,prof-python,194,5076,0,0,0
2023-06-08,vk,cpc,prof-java,172,1594,0,0,0
2023-06-08,vk,cpc,prof-data-analytics,135,3013,0,0,0
2023-06-08,vk,cpc,freemium-java,124,2531,0,0,0
2023-06-08,vk,cpc,prof-frontend,117,592,0,0,0
2023-06-08,vk,cpc,freemium-python,113,2532,0,0,0
2023-06-08,vk,cpc,base-python,111,1009,0,0,0
2023-06-08,admitad,cpa,admitad,79,0,0,0,0
2023-06-08,bing.com,organic,,56,0,0,0,0
2023-06-08,timepad,cpp,base-frontend,47,0,0,0,0
2023-06-08,telegram,cpp,base-frontend,24,0,0,0,0
2023-06-08,telegram,cpp,prof-python,20,0,1,0,0
2023-06-08,vk,cpm,prof-data-analytics,17,762,0,0,0
2023-06-08,vk-senler,cpc,freemium,16,0,0,0,0
2023-06-08,vk,cpp,base-frontend,15,0,0,0,0
2023-06-08,tproger,cpc,dod-frontend,12,0,0,0,0
2023-06-08,telegram,cpp,base-python,9,0,0,0,0
2023-06-08,baidu.com,organic,,4,0,0,0,0
2023-06-08,telegram,cpp,dod-frontend,4,0,1,0,0
2023-06-08,telegram,cpp,prof-java,4,0,0,0,0
2023-06-08,telegram,social,course_completed,4,0,0,0,0
2023-06-08,vk,social,general,4,0,0,0,0
2023-06-08,vk,social,hexlet-blog,4,0,0,0,0
2023-06-08,telegram,cpp,base-java,3,0,0,0,0
2023-06-08,telegram,cpp,dod-php,3,0,0,0,0
2023-06-08,vk,cpm,prof-frontend,3,0,0,0,0
2023-06-08,search.ukr.net,organic,,2,0,0,0,0
2023-06-08,telegram,cpp,dod-java,2,0,1,0,0
2023-06-08,telegram,cpp,prof-frontend,2,0,0,0,0
2023-06-08,telegram,social,hexlet-blog,2,0,0,0,0
2023-06-08,yandex.com,organic,,2,0,0,0,0
2023-06-08,zen,social,hexlet-blog,2,0,0,0,0
2023-06-08,admitad,cpc,"442763",1,0,0,0,0
2023-06-08,facebook,cpm,freemium-en,1,0,0,0,0
2023-06-08,facebook.com,social,buffer,1,0,0,0,0
2023-06-08,instagram,social,hexlet-blog,1,0,0,0,0
2023-06-08,telegram,cpm,base_java,1,0,0,0,0
2023-06-08,telegram,cpm,frontend,1,0,0,0,0
2023-06-08,telegram,social,avtor-napisal-etu-zametku--kogda-odin-iz,1,0,0,0,0
2023-06-08,telegram,social,mdtruehaskell--funktsionalnyy-yazyk,1,0,0,0,0
2023-06-08,telegram,social,promo,1,0,0,0,0
2023-06-08,telegram,social,svitch--ochen-prostaya-konstruktsiya--kotor,1,0,0,0,0
2023-06-08,telegram.me,social,lyubite-chitat-knigi--nash-marketolog-nata,1,0,0,0,0
2023-06-08,twitter,social,hexlet-blog,1,0,0,0,0
2023-06-08,twitter,social,promo,1,0,0,0,0
2023-06-08,vk,cpc,php,1,0,0,0,0
2023-06-08,vk,cpc,prof-php,1,0,0,0,0
2023-06-08,vk,cpc,python,1,0,0,0,0
2023-06-08,vk,cpm,php,1,0,0,0,0
2023-06-08,vk,cpp,dod-career,1,0,0,0,0
2023-06-08,vk,cpp,dod-frontend,1,0,0,0,0
2023-06-08,vk,cpp,intensive-python,1,0,0,0,0
2023-06-08,vk,social,base-frontend,1,0,0,0,0
2023-06-08,vk,social,base-java,1,0,0,0,0
2023-06-08,vk,social,dod-java,1,0,0,0,0
2023-06-08,vk,social,dod-php,1,0,0,0,0
2023-06-08,vk,social,prof-data-analyst,1,0,0,0,0
2023-06-08,vk,social,prof-data-analytics,1,0,0,0,0
2023-06-08,vk,social,prof-python,1,0,0,0,0
2023-06-08,vk,social,reshenie-zadach--horoshiy-sposob-zakrepit,1,0,0,0,0
2023-06-08,vk-senler,cpc,dod-frontend,1,0,0,0,0
2023-06-08,vk-senler,cpc,dod-professions,1,0,0,0,0
2023-06-08,zen,social,all-courses,1,0,0,0,0
2023-06-08,zen,social,hexlet,1,0,0,0,0
2023-06-08,zen,social,prof-data-analytics,1,0,0,0,0
2023-06-09,google,organic,,5370,0,0,0,0
2023-06-09,organic,organic,,1800,0,0,0,0
2023-06-09,vk,cpc,prof-python,185,5077,0,0,0
2023-06-09,vk,cpc,freemium-frontend,183,2534,0,0,0
2023-06-09,vk,cpc,prof-data-analytics,164,4502,0,0,0
2023-06-09,vk,cpc,prof-java,161,4610,0,0,0
2023-06-09,vk,cpc,freemium-python,122,2533,0,0,0
2023-06-09,vk,cpc,prof-frontend,114,5077,1,0,0
2023-06-09,vk,cpc,freemium-java,109,2533,0,0,0
2023-06-09,vk,cpc,base-python,105,0,0,0,0
2023-06-09,admitad,cpa,admitad,72,0,0,0,0
2023-06-09,bing.com,organic,,53,0,0,0,0
2023-06-09,timepad,cpp,base-frontend,35,0,0,0,0
2023-06-09,telegram,cpp,base-frontend,18,0,0,0,0
2023-06-09,vk-senler,cpc,freemium,16,0,0,0,0
2023-06-09,vk,cpm,prof-data-analytics,11,64,0,0,0
2023-06-09,vk,cpp,base-frontend,8,0,0,0,0
2023-06-09,tproger,cpc,dod-frontend,7,0,0,0,0
2023-06-09,baidu.com,organic,,6,0,0,0,0
2023-06-09,telegram,cpp,prof-python,5,0,0,0,0
2023-06-09,vk,cpm,prof-frontend,5,0,0,0,0
2023-06-09,telegram,cpp,base-java,4,0,0,0,0
2023-06-09,vk,social,all-courses,4,0,0,0,0
2023-06-09,telegram,cpp,dod-frontend,3,0,0,0,0
2023-06-09,telegram,cpp,prof-java,3,0,1,0,0
2023-06-09,telegram,social,hexlet-blog,3,0,0,0,0
2023-06-09,vk,social,base-python,3,0,0,0,0
2023-06-09,go.mail.ru,organic,,2,0,0,0,0
2023-06-09,telegram,cpp,prof-frontend,2,0,0,0,0
2023-06-09,telegram,social,course_completed,2,0,0,0,0
2023-06-09,vk,social,base-frontend,2,0,0,0,0
2023-06-09,vk,social,dod-java,2,0,0,0,0
2023-06-09,yandex.com,organic,,2,0,0,0,0
2023-06-09,Yandex,cpc,"42790821",1,0,0,0,0
2023-06-09,Yandex,cpc,"87255026",1,0,0,0,0
2023-06-09,facebook,social,hexlet-blog,1,0,0,0,0
2023-06-09,mytarget,cpc,freemium,1,0,0,0,0
2023-06-09,rutube,social,all-courses,1,0,0,0,0
2023-06-09,social,youtube,chistie-funktsii,1,0,0,0,0
2023-06-09,telegram,cpp,base-python,1,0,0,0,0
2023-06-09,telegram,cpp,dod-php,1,0,0,0,0
2023-06-09,telegram,social,kak-gumanitariy-stal-bekend-razrabotchiko,1,0,0,0,0
2023-06-09,telegram,social,webinars,1,0,0,0,0
2023-06-09,telegram.me,social,klassicheskaya-zadachka-fizzbuzz-na-hekslet,1,0,0,0,0
2023-06-09,telegram.me,social,na-hekslet-poyavilis-novye-ispytaniya-v-k,1,0,0,0,0
2023-06-09,telegram.me,social,printsipy-programmirovaniya-heksletahttp,1,0,0,0,0
2023-06-09,twitter,social,devushki_v_it,1,0,0,0,0
2023-06-09,twitter,social,hexlet-blog,1,0,0,0,0
2023-06-09,vk,cpc,frontend,1,0,0,0,0
2023-06-09,vk,social,dod-frontend,1,0,0,0,0
2023-06-09,vk,social,dod-php,1,0,0,0,0
2023-06-09,vk,social,hexlet-blog,1,0,0,0,0
2023-06-09,vk,social,prof-python,1,0,0,0,0
2023-06-09,vk,social,reshenie-zadach--horoshiy-sposob-zakrepit,1,0,0,0,0
2023-06-10,google,organic,,3363,0,0,0,0
2023-06-10,organic,organic,,1122,0,0,0,0
2023-06-10,vk,cpc,prof-python,166,5458,0,0,0
2023-06-10,vk,cpc,freemium-frontend,156,2536,0,0,0
2023-06-10,vk,cpc,prof-java,150,3743,0,0,0
2023-06-10,vk,cpc,freemium-python,143,2536,0,0,0
2023-06-10,vk,cpc,prof-data-analytics,132,4220,0,0,0
2023-06-10,vk,cpc,base-python,119,0,0,0,0
2023-06-10,vk,cpc,freemium-java,108,2537,0,0,0
2023-06-10,vk,cpc,prof-frontend,98,5458,0,0,0
2023-06-10,admitad,cpa,admitad,49,0,0,0,0
2023-06-10,bing.com,organic,,42,0,0,0,0
2023-06-10,vk-senler,cpc,freemium,18,0,0,0,0
2023-06-10,vk,cpm,prof-data-analytics,12,0,0,0,0
2023-06-10,telegram,cpp,base-frontend,9,0,0,0,0
2023-06-10,timepad,cpp,base-frontend,7,0,0,0,0
2023-06-10,vk,cpm,prof-frontend,5,0,0,0,0
2023-06-10,baidu.com,organic,,4,0,0,0,0
2023-06-10,google,cpc,frontend,2,0,0,0,0
2023-06-10,telegram,cpp,base-java,2,0,0,0,0
2023-06-10,telegram,cpp,base-python,2,0,0,0,0
2023-06-10,telegram,social,course_completed,2,0,0,0,0
2023-06-10,twitter,social,promo,2,0,0,0,0
2023-06-10,vk,cpm,base,2,0,0,0,0
2023-06-10,vk,cpp,base-frontend,2,0,0,0,0
2023-06-10,vk,social,all-courses,2,0,0,0,0
2023-06-10,vk,social,hexlet-blog,2,0,0,0,0
2023-06-10,yandex.com,organic,,2,0,0,0,0
2023-06-10,admitad,cpc,"442763",1,0,0,0,0
2023-06-10,facebook,social,course_completed,1,0,0,0,0
2023-06-10,go.mail.ru,organic,,1,0,0,0,0
2023-06-10,instagram,social,hexlet-blog,1,0,0,0,0
2023-06-10,search.ukr.net,organic,,1,0,0,0,0
2023-06-10,telegram,cpp,dod-frontend,1,0,0,0,0
2023-06-10,telegram,cpp,intensive-python,1,0,0,0,0
2023-06-10,telegram,cpp,prof-data-analytics,1,0,0,0,0
2023-06-10,telegram,cpp,prof-frontend,1,0,0,0,0
2023-06-10,telegram,cpp,prof-java,1,0,0,0,0
2023-06-10,telegram,cpp,prof-python,1,0,0,0,0
2023-06-10,telegram,social,glavnye-instrumenty--servisy-i-podhody,1,0,0,0,0
2023-06-10,telegram,social,hexlet-blog,1,0,0,0,0
2023-06-10,telegram,social,mdtrue**razrabotchik-heksleta-andrey-m,1,0,0,0,0
2023-06-10,telegram,social,mdtrue*chtenie-chuzhogo-koda--odin-iz-o,1,0,0,0,0
2023-06-10,telegram,social,my-znaem-dovolno-mnogo-o-strukturah-dan,1,0,0,0,0
2023-06-10,telegram,social,nachinayuschie-razrabotchiki-chasto-zaglyadyvayu,1,0,0,0,0
2023-06-10,telegram,social,privet--menya-zovut-dasha--mne-26-let.-ya,1,0,0,0,0
2023-06-10,telegram,social,typescript,1,0,0,0,0
2023-06-10,twitter,social,hexlet-blog,1,0,0,0,0
2023-06-10,vk,cpc,freemium,1,0,0,0,0
2023-06-10,vk,cpc,frontend,1,0,0,0,0
2023-06-10,vk,cpc,yaintern,1,0,0,0,0
2023-06-10,vk,social,base-frontend,1,0,0,0,0
2023-06-10,vk,social,prof-python,1,0,0,0,0
2023-06-10,vk,social,promo,1,0,0,0,0
2023-06-10,vk,social,reshenie-zadach--horoshiy-sposob-zakrepit,1,0,0,0,0
2023-06-10,zen,social,hexlet,1,0,0,0,0
2023-06-11,google,organic,,3635,0,0,0,0
2023-06-11,organic,organic,,1396,0,0,0,0
2023-06-11,vk,cpc,freemium-frontend,214,2533,0,0,0
2023-06-11,vk,cpc,prof-python,187,5076,0,0,0
2023-06-11,vk,cpc,prof-java,147,3781,0,0,0
2023-06-11,vk,cpc,prof-data-analytics,145,4569,0,0,0
2023-06-11,vk,cpc,freemium-java,127,2916,0,0,0
2023-06-11,vk,cpc,prof-frontend,127,5458,0,0,0
2023-06-11,vk,cpc,base-python,115,0,0,0,0
2023-06-11,vk,cpc,freemium-python,113,2536,0,0,0
2023-06-11,admitad,cpa,admitad,61,0,0,0,0
2023-06-11,bing.com,organic,,42,0,0,0,0
2023-06-11,vk-senler,cpc,freemium,18,0,0,0,0
2023-06-11,vk,cpm,prof-data-analytics,14,0,0,0,0
2023-06-11,telegram,cpp,base-frontend,8,0,0,0,0
2023-06-11,vk,cpp,dod-frontend,6,0,0,0,0
2023-06-11,baidu.com,organic,,5,0,0,0,0
2023-06-11,vk,cpm,prof-frontend,4,0,0,0,0
2023-06-11,vk,social,general,4,0,0,0,0
2023-06-11,telegram,social,course_completed,3,0,0,0,0
2023-06-11,vk,cpp,base-frontend,3,0,0,0,0
2023-06-11,telegram,cpp,prof-frontend,2,0,0,0,0
2023-06-11,timepad,cpp,base-frontend,2,0,0,0,0
2023-06-11,twitter,social,hexlet-blog,2,0,0,0,0
2023-06-11,vk,social,all-courses,2,0,0,0,0
2023-06-11,vk,social,base-java,2,0,0,0,0
2023-06-11,vk,social,base-python,2,0,0,0,0
2023-06-11,vk,social,hexlet-blog,2,0,0,0,0
2023-06-11,facebook,social,how-to-sleep,1,0,0,0,0
2023-06-11,go.mail.ru,organic,,1,0,0,0,0
2023-06-11,google,cpc,freemium,1,0,0,0,0
2023-06-11,google,cpc,frontend,1,0,0,0,0
2023-06-11,instagram,social,hexlet-blog,1,0,0,0,0
2023-06-11,telegram,cpm,base_python,1,0,0,0,0
2023-06-11,telegram,cpp,dod-frontend,1,0,0,0,0
2023-06-11,telegram,cpp,prof-data-analytics,1,0,0,0,0
2023-06-11,telegram,social,hexlet-blog,1,0,0,0,0
2023-06-11,telegram,social,igry--kotorye-pomogut-praktikovatsya-v-p,1,0,0,0,0
2023-06-11,telegram,social,navernyaka-vy-slyshali-mnenie--chto-podhod,1,0,0,0,0
2023-06-11,telegram,social,oshibki-pri-samostoyatelnoy-podgotovke-k-resheniyu-algoritmicheskih-zadach-na-intervyu,1,0,0,0,0
2023-06-11,telegram,social,promo,1,0,0,0,0
2023-06-11,telegram,social,rabotay-bez-oglyadki-na-ogranicheniya-kak,1,0,0,0,0
2023-06-11,telegram,social,zabluditsya-v-tryoh-sosnah--no-vyyti-k-zv,1,0,0,0,0
2023-06-11,telegram,social,,1,0,0,0,0
2023-06-11,twitter,social,promo,1,0,0,0,0
2023-06-11,vk,cpc,java,1,0,0,0,0
2023-06-11,vk,cpc,python,1,0,0,0,0
2023-06-11,vk,social,hexlet.io/my,1,0,0,0,0
2023-06-11,vk,social,prof-python,1,0,0,0,0
2023-06-11,vk,social,reshenie-zadach--horoshiy-sposob-zakrepit,1,0,0,0,0
2023-06-11,yandex.com,organic,,1,0,0,0,0
2023-06-12,google,organic,,4688,0,0,0,0
2023-06-12,organic,organic,,1729,0,0,0,0
2023-06-12,vk,cpc,prof-python,201,5202,0,0,0
2023-06-12,vk,cpc,freemium-frontend,185,3170,0,0,0
2023-06-12,vk,cpc,prof-java,171,4105,0,0,0
2023-06-12,vk,cpc,prof-data-analytics,165,4187,0,0,0
2023-06-12,vk,cpc,freemium-java,133,4822,0,0,0
2023-06-12,vk,cpc,base-python,123,0,0,0,0
2023-06-12,vk,cpc,freemium-python,121,2536,0,0,0
2023-06-12,vk,cpc,prof-frontend,117,5078,0,0,0
2023-06-12,bing.com,organic,,70,0,0,0,0
2023-06-12,admitad,cpa,admitad,55,0,0,0,0
2023-06-12,vk-senler,cpc,freemium,32,0,0,0,0
2023-06-12,telegram,cpp,base-frontend,23,0,0,0,0
2023-06-12,vk,cpm,prof-data-analytics,14,0,0,0,0
2023-06-12,timepad,cpp,base-frontend,8,0,0,0,0
2023-06-12,vk,cpm,prof-frontend,6,0,0,0,0
2023-06-12,telegram,cpp,base-java,4,0,0,0,0
2023-06-12,vk,cpp,base-frontend,4,0,0,0,0
2023-06-12,telegram,cpp,base-python,3,0,0,0,0
2023-06-12,telegram,cpp,dod-frontend,3,0,0,0,0
2023-06-12,vk,social,general,3,0,0,0,0
2023-06-12,vk,social,hexlet-blog,3,0,0,0,0
2023-06-12,vk,social,prof-python,3,0,0,0,0
2023-06-12,vk,social,prof-rails,3,0,0,0,0
2023-06-12,vk,cpp,dod-frontend,2,0,0,0,0
2023-06-12,yandex.com,organic,,2,0,0,0,0
2023-06-12,Yandex,cpm,"25530592",1,0,0,0,0
2023-06-12,admitad,cpc,"442763",1,0,0,0,0
2023-06-12,baidu.com,organic,,1,0,0,0,0
2023-06-12,facebook,social,how-to-sleep,1,0,0,0,0
2023-06-12,facebook,social,vorchanie-dedushki-kak-ya-v-69-let-uchu-python,1,0,0,0,0
2023-06-12,facebook.com,social,mozhno-li-ustroitsya-na-rabotu-posle-heks,1,0,0,0,0
2023-06-12,google,cpc,freemium,1,0,0,0,0
2023-06-12,instagram,social,base-java,1,0,0,0,0
2023-06-12,telegram,cpp,prof-frontend,1,0,0,0,0
2023-06-12,telegram,social,course_completed,1,0,0,0,0
2023-06-12,telegram,social,promo,1,0,0,0,0
2023-06-12,tg,social,codecamp,1,0,0,0,0
2023-06-12,twitter,social,devushki_v_it,1,0,0,0,0
2023-06-12,twitter,social,promo,1,0,0,0,0
2023-06-12,vk,cpm,base_python,1,0,0,0,0
2023-06-12,vk,cpp,intensive-python,1,0,0,0,0
2023-06-12,vk,social,all-courses,1,0,0,0,0
2023-06-12,vk,social,base-java,1,0,0,0,0
2023-06-12,vk,social,base-python,1,0,0,0,0
2023-06-12,vk,social,promo,1,0,0,0,0
2023-06-12,vk,social,reshenie-zadach--horoshiy-sposob-zakrepit,1,0,0,0,0
2023-06-12,vk-senler,cpc,base-python,1,0,0,0,0
2023-06-12,yandex-direct,cpc,"96566756",1,0,0,0,0
2023-06-12,zen,social,all-courses,1,0,0,0,0
2023-06-12,zen,social,hexlet-blog,1,0,0,0,0
2023-06-13,organic,organic,,1191,0,0,0,0
2023-06-13,google,organic,,1074,0,0,0,0
2023-06-13,yandex,cpc,freemium,138,18523,0,0,0
2023-06-13,yandex,cpc,prof-frontend,105,62685,0,0,0
2023-06-13,yandex,cpc,prof-python,104,43241,0,0,0
2023-06-13,yandex,cpc,prof-java,83,36520,0,0,0
2023-06-13,vk,cpc,prof-python,70,5202,0,0,0
2023-06-13,admitad,cpa,admitad,68,0,0,0,0
2023-06-13,vk,cpc,freemium-frontend,64,2746,1,0,0
2023-06-13,bing.com,organic,,61,0,0,0,0
2023-06-13,vk,cpc,freemium-java,57,2377,0,0,0
2023-06-13,vk,cpc,freemium-python,57,2538,0,0,0
2023-06-13,vk,cpc,prof-data-analytics,52,4188,0,0,0
2023-06-13,vk,cpc,prof-java,47,4350,1,0,0
2023-06-13,vk,cpc,base-python,41,0,0,0,0
2023-06-13,yandex,cpc,base-java,41,0,0,0,0
2023-06-13,vk,cpc,prof-frontend,37,5459,0,0,0
2023-06-13,yandex,cpc,base-python,35,0,0,0,0
2023-06-13,yandex,cpc,prof-professions-brand,33,3574,0,0,0
2023-06-13,yandex,cpc,base-frontend,29,10232,0,0,0
2023-06-13,telegram,cpp,base-frontend,24,0,0,0,0
2023-06-13,vk-senler,cpc,freemium,22,0,0,0,0
2023-06-13,yandex,cpc,prof-professions-retarget,18,604,0,0,0
2023-06-13,yandex,cpc,prof-data-analytics,17,6033,0,0,0
2023-06-13,telegram,cpp,prof-python,13,0,0,0,0
2023-06-13,yandex,cpc,dod-professions,12,3905,0,0,0
2023-06-13,yandex,cpc,dod-frontend,10,4123,0,0,0
2023-06-13,telegram,cpp,prof-java,9,0,0,0,0
2023-06-13,yandex,cpc,dod-python-java,9,0,0,0,0
2023-06-13,timepad,cpp,base-frontend,5,0,0,0,0
2023-06-13,yandex,cpc,base-professions-retarget,5,808,0,0,0
2023-06-13,baidu.com,organic,,4,0,0,0,0
2023-06-13,telegram,social,course_completed,4,0,0,0,0
2023-06-13,vk,cpm,prof-data-analytics,4,0,0,0,0
2023-06-13,yandex,cpc,dod-java,4,0,0,0,0
2023-06-13,telegram,cpp,base-java,3,0,0,0,0
2023-06-13,telegram,cpp,prof-frontend,3,0,0,0,0
2023-06-13,vc,cpp,dod-professions,3,0,0,0,0
2023-06-13,vk,social,base-frontend,3,0,0,0,0
2023-06-13,yandex,cpc,dod-php,3,0,0,0,0
2023-06-13,yandex.com,organic,,3,0,0,0,0
2023-06-13,telegram,cpp,base-python,2,0,0,0,0
2023-06-13,telegram,cpp,dod-php,2,0,0,0,0
2023-06-13,twitter,social,hexlet-blog,2,0,0,0,0
2023-06-13,vc,cpp,dod-frontend,2,0,0,0,0
2023-06-13,vk,cpp,dod-frontend,2,0,0,0,0
2023-06-13,vk,social,all-courses,2,0,0,0,0
2023-06-13,vk,social,base-python,2,0,0,0,0
2023-06-13,vk,social,hexlet-blog,2,0,0,0,0
2023-06-13,yandex,cpc,dod-qa,2,0,0,0,0
2023-06-13,Yandex,cpc,"80100720",1,0,0,0,0
2023-06-13,facebook,cpc,python,1,0,0,0,0
2023-06-13,facebook,social,hexlet-blog,1,0,0,0,0
2023-06-13,facebook,social,my-sozdali-kurs-osnovy-redis-pro-rabot,1,0,0,0,0
2023-06-13,go.mail.ru,organic,,1,0,0,0,0
2023-06-13,telegram,cpm,base_java,1,0,0,0,0
2023-06-13,telegram,cpp,prof-data-analytics,1,0,0,0,0
2023-06-13,telegram,social,hexlet-blog,1,0,0,0,0
2023-06-13,twitter,social,grokaem_algoritmy,1,0,0,0,0
2023-06-13,twitter,social,promo,1,0,0,0,0
2023-06-13,vk,cpc,base,1,0,0,0,0
2023-06-13,vk,cpc,dod-professions,1,0,0,0,0
2023-06-13,vk,cpm,prof-frontend,1,0,0,0,0
2023-06-13,vk,cpp,base-frontend,1,0,0,0,0
2023-06-13,vk,cpp,dod-php,1,0,0,0,0
2023-06-13,vk,cpp,dod-python-java,1,0,0,0,0
2023-06-13,vk,cpp,intensive-python,1,0,0,0,0
2023-06-13,vk,social,english-soft,1,0,0,0,0
2023-06-13,vk,social,general,1,0,0,0,0
2023-06-13,vk,social,hexlet.io/my,1,0,0,0,0
2023-06-13,vk,social,prof-python,1,0,0,0,0
2023-06-13,vk,social,prof-rails,1,0,0,0,0
2023-06-13,vk,social,reshenie-zadach--horoshiy-sposob-zakrepit,1,0,0,0,0
2023-06-13,zen,social,all-courses,1,0,0,0,0
2023-06-14,google,organic,,6299,0,0,0,0
2023-06-14,organic,organic,,1884,0,0,0,0
2023-06-14,yandex,cpc,freemium,215,18752,0,0,0
2023-06-14,yandex,cpc,prof-python,170,41766,0,0,0
2023-06-14,yandex,cpc,prof-frontend,165,70624,0,0,0
2023-06-14,yandex,cpc,prof-java,163,37151,0,0,0
2023-06-14,admitad,cpa,admitad,71,0,0,0,0
2023-06-14,bing.com,organic,,64,0,0,0,0
2023-06-14,yandex,cpc,base-java,57,0,0,0,0
2023-06-14,yandex,cpc,base-python,53,0,0,0,0
2023-06-14,yandex,cpc,prof-professions-brand,49,3580,0,0,0
2023-06-14,timepad,cpp,base-frontend,44,0,0,0,0
2023-06-14,yandex,cpc,base-frontend,42,0,0,0,0
2023-06-14,yandex,cpc,prof-data-analytics,32,8854,0,0,0
2023-06-14,telegram,social,dod-professions,31,0,3,0,0
2023-06-14,yandex,cpc,prof-professions-retarget,27,694,0,0,0
2023-06-14,vk-senler,cpc,freemium,24,0,0,0,0
2023-06-14,telegram,cpp,prof-python,15,0,0,0,0
2023-06-14,yandex,cpc,dod-frontend,15,984,0,0,0
2023-06-14,telegram,cpp,base-frontend,13,0,0,0,0
2023-06-14,vk,cpc,prof-data-analytics,13,4189,0,0,0
2023-06-14,yandex,cpc,dod-java,12,0,0,0,0
2023-06-14,yandex,cpc,dod-professions,12,1471,0,0,0
2023-06-14,vk,cpc,freemium-frontend,11,2479,0,0,0
2023-06-14,vk,cpc,freemium-python,9,2895,0,0,0
2023-06-14,yandex,cpc,base-professions-retarget,8,722,0,0,0
2023-06-14,yandex,cpc,dod-php,8,0,0,0,0
2023-06-14,vk,cpc,prof-python,7,5074,0,0,0
2023-06-14,vk,cpp,dod-frontend,7,0,0,0,0
2023-06-14,yandex,cpc,dod-python-java,7,909,0,0,0
2023-06-14,yandex,cpc,dod-qa,7,0,0,0,0
2023-06-14,telegram,cpp,base-python,6,0,0,0,0
2023-06-14,vk,cpc,prof-frontend,6,5077,0,0,0
2023-06-14,vk,cpc,prof-java,6,4112,0,0,0
2023-06-14,baidu.com,organic,,5,0,0,0,0
2023-06-14,vk,social,base-python,5,0,0,0,0
2023-06-14,vk-senler,cpc,dod-frontend,5,0,0,0,0
2023-06-14,yandex.com,organic,,5,0,0,0,0
2023-06-14,vk,social,all-courses,4,0,0,0,0
2023-06-14,vk,social,dod-professions,4,0,0,0,0
2023-06-14,telegram,cpp,prof-java,3,0,0,0,0
2023-06-14,telegram,social,promo,3,0,0,0,0
2023-06-14,twitter,social,hexlet-blog,3,0,0,0,0
2023-06-14,vc,cpp,dod-frontend,3,0,0,0,0
2023-06-14,vk,social,general,3,0,0,0,0
2023-06-14,vk,social,prof-python,3,0,0,0,0
2023-06-14,vk-senler,cpc,dod-professions,3,0,0,0,0
2023-06-14,telegram,cpp,base-java,2,0,0,0,0
2023-06-14,telegram,social,hexlet-blog,2,0,0,0,0
2023-06-14,vk,social,hexlet-blog,2,0,0,0,0
2023-06-14,dzen,social,dzen-post,1,0,0,0,0
2023-06-14,facebook,cpc,freemium.ua-by,1,0,0,0,0
2023-06-14,mytarget,cpc,freemium,1,0,0,0,0
2023-06-14,telegram,cpp,dod-frontend,1,0,0,0,0
2023-06-14,telegram,cpp,dod-php,1,0,0,0,0
2023-06-14,telegram,cpp,prof-frontend,1,0,0,0,0
2023-06-14,telegram,social,course_completed,1,0,0,0,0
2023-06-14,telegram,social,mdtruehaskell--funktsionalnyy-yazyk,1,0,0,0,0
2023-06-14,telegram –≠—Ç–æ—Ç –∫—É—Ä—Å –ø–æ–±–µ–∂–¥—ë–Ω! üí™üí™üí™ –ë—ã–ª–æ –∫—Ä—É—Ç–æ! üöÄ,social,course_completed,1,0,0,0,0
2023-06-14,twitter,social,"51-letniy-student-heksleta-dmitriy-rassk",1,0,0,0,0
2023-06-14,twitter,social,promo,1,0,0,0,0
2023-06-14,vk,social,base-java,1,0,0,0,0
2023-06-14,vk,social,dod-frontend,1,0,0,0,0
2023-06-14,yandex-direct,cpc,"19183657",1,0,0,0,0
2023-06-14,zen,social,all-courses,1,0,0,0,0
2023-06-14,zen,social,prof-frontend,1,0,0,0,0
2023-06-15,google,organic,,6115,0,0,0,0
2023-06-15,organic,organic,,1216,0,0,0,0
2023-06-15,yandex,cpc,freemium,238,15317,0,0,0
2023-06-15,yandex,cpc,prof-frontend,164,69171,0,0,0
2023-06-15,yandex,cpc,prof-python,156,41982,0,0,0
2023-06-15,yandex,cpc,prof-java,130,34902,0,0,0
2023-06-15,admitad,cpa,admitad,83,0,0,0,0
2023-06-15,yandex,cpc,base-java,61,0,0,0,0
2023-06-15,bing.com,organic,,60,0,0,0,0
2023-06-15,yandex,cpc,base-python,49,0,0,0,0
2023-06-15,yandex,cpc,prof-professions-brand,49,5511,0,0,0
2023-06-15,yandex,cpc,base-frontend,38,0,0,0,0
2023-06-15,yandex,cpc,prof-data-analytics,28,6556,0,0,0
2023-06-15,yandex,cpc,prof-professions-retarget,27,1290,0,0,0
2023-06-15,vk-senler,cpc,freemium,23,0,0,0,0
2023-06-15,yandex,cpc,dod-frontend,20,908,0,0,0
2023-06-15,yandex,cpc,dod-professions,17,3925,0,0,0
2023-06-15,telegram,cpp,base-frontend,12,0,0,0,0
2023-06-15,vk,cpc,prof-data-analytics,12,4564,0,0,0
2023-06-15,vk,cpc,freemium-python,10,2536,0,0,0
2023-06-15,yandex,cpc,dod-python-java,10,4554,0,0,0
2023-06-15,telegram,social,dod-professions,8,0,1,0,0
2023-06-15,vk,cpc,freemium-frontend,8,2534,0,0,0
2023-06-15,yandex,cpc,base-professions-retarget,8,0,0,0,0
2023-06-15,yandex,cpc,dod-java,8,0,0,0,0
2023-06-15,telegram,cpp,prof-python,7,0,0,0,0
2023-06-15,vk,cpc,prof-frontend,7,4688,0,0,0
2023-06-15,yandex,cpc,dod-qa,7,0,0,0,0
2023-06-15,telegram,cpp,prof-java,6,0,0,0,0
2023-06-15,vk,cpc,freemium-java,6,2538,0,0,0
2023-06-15,vk,cpc,prof-java,6,4264,0,0,0
2023-06-15,vk,social,all-courses,6,0,0,0,0
2023-06-15,yandex,cpc,dod-php,6,0,0,0,0
2023-06-15,vk,cpc,prof-python,5,5837,0,0,0
2023-06-15,baidu.com,organic,,4,0,0,0,0
2023-06-15,telegram,social,course_completed,4,0,0,0,0
2023-06-15,vk,social,hexlet-blog,4,0,0,0,0
2023-06-15,telegram,cpp,base-java,3,0,0,0,0
2023-06-15,vk,cpp,base-frontend,3,0,0,0,0
2023-06-15,vk,cpp,dod-frontend,3,0,0,0,0
2023-06-15,vk-senler,cpc,dod-frontend,3,0,0,0,0
2023-06-15,dzen,social,dzen_post,2,0,1,0,0
2023-06-15,telegram,cpp,base-python,2,0,0,0,0
2023-06-15,telegram,social,hexlet-blog,2,0,0,0,0
2023-06-15,timepad,cpp,base-frontend,2,0,0,0,0
2023-06-15,yandex.com,organic,,2,0,0,0,0
2023-06-15,dzen,social,dzen-post,1,0,0,0,0
2023-06-15,facebook,cpc,python,1,0,0,0,0
2023-06-15,instagram,social,all-courses,1,0,0,0,0
2023-06-15,instagram,social,base-pyton,1,0,0,0,0
2023-06-15,instagram,social,hexlet-blog,1,0,0,0,0
2023-06-15,podcast,social,all-courses,1,0,0,0,0
2023-06-15,slack,social,hexlet,1,0,0,0,0
2023-06-15,telegram,cpm,java,1,0,0,0,0
2023-06-15,telegram,cpp,dod-frontend,1,0,0,0,0
2023-06-15,telegram,cpp,prof-frontend,1,0,0,0,0
2023-06-15,telegram,social,prof-qa,1,0,0,0,0
2023-06-15,telegram,social,promo,1,0,0,0,0
2023-06-15,telegram,social,webinars,1,0,0,0,0
2023-06-15,twitter,social,all-courses,1,0,0,0,0
2023-06-15,twitter,social,grokaem_algoritmy,1,0,0,0,0
2023-06-15,twitter,social,hexlet-blog,1,0,0,0,0
2023-06-15,twitter,social,oop-i-arhitektura-koda-kirill-mokevni,1,0,0,0,0
2023-06-15,twitter,social,podrobno-rasskazyvaem--pochemu-pleysholde,1,0,0,0,0
2023-06-15,twitter,social,promo,1,0,0,0,0
2023-06-15,twitter.com,social,istorii-uspeha-nashih-uchenikov-i-vypuskni,1,0,0,0,0
2023-06-15,vc,cpp,dod-professions,1,0,0,0,0
2023-06-15,vk,cpc,yaintern,1,0,0,0,0
2023-06-15,vk,cpm,prof-python,1,0,0,0,0
2023-06-15,vk,social,base-python,1,0,0,0,0
2023-06-15,vk,social,dod-frontend,1,0,0,0,0
2023-06-15,vk,social,dod-professions,1,0,0,0,0
2023-06-15,vk,social,general,1,0,0,0,0
2023-06-15,vk,social,prof-python,1,0,0,0,0
2023-06-15,vk,social,reshenie-zadach--horoshiy-sposob-zakrepit,1,0,0,0,0
2023-06-15,vkontakte,social,button-vk,1,0,0,0,0
2023-06-15,zen,social,all-courses,1,0,0,0,0
2023-06-16,google,organic,,5394,0,0,0,0
2023-06-16,organic,organic,,1770,0,0,0,0
2023-06-16,yandex,cpc,freemium,233,17913,0,0,0
2023-06-16,yandex,cpc,prof-python,168,39215,0,0,0
2023-06-16,yandex,cpc,prof-frontend,137,58935,0,0,0
2023-06-16,yandex,cpc,prof-java,112,36459,0,0,0
2023-06-16,yandex,cpc,base-java,59,0,0,0,0
2023-06-16,admitad,cpa,admitad,58,0,0,0,0
2023-06-16,yandex,cpc,base-python,51,0,0,0,0
2023-06-16,bing.com,organic,,48,0,0,0,0
2023-06-16,yandex,cpc,prof-professions-brand,48,5794,0,0,0
2023-06-16,yandex,cpc,base-frontend,44,0,0,0,0
2023-06-16,yandex,cpc,prof-data-analytics,39,5576,0,0,0
2023-06-16,yandex,cpc,prof-professions-retarget,35,1085,0,0,0
2023-06-16,yandex,cpc,dod-frontend,22,0,0,0,0
2023-06-16,vk-senler,cpc,freemium,20,0,0,0,0
2023-06-16,vk,cpc,prof-data-analytics,15,4594,0,0,0
2023-06-16,yandex,cpc,dod-professions,15,3077,0,0,0
2023-06-16,vk,cpc,prof-python,14,5838,1,0,0
2023-06-16,yandex,cpc,dod-java,12,0,0,0,0
2023-06-16,yandex,cpc,base-professions-retarget,10,0,0,0,0
2023-06-16,telegram,cpp,base-frontend,9,0,0,0,0
2023-06-16,vk,cpc,prof-frontend,9,5458,1,0,0
2023-06-16,vk,cpc,prof-java,9,4427,1,0,0
2023-06-16,telegram,social,dod-professions,7,0,0,0,0
2023-06-16,vk,cpc,freemium-frontend,7,2535,0,0,0
2023-06-16,vk,cpc,freemium-java,7,2398,0,0,0
2023-06-16,vk,cpc,freemium-python,6,2537,0,0,0
2023-06-16,yandex,cpc,dod-php,6,0,0,0,0
2023-06-16,telegram,cpp,prof-python,5,0,0,0,0
2023-06-16,yandex,cpc,dod-python-java,5,3259,0,0,0
2023-06-16,yandex,cpc,dod-qa,5,0,0,0,0
2023-06-16,telegram,cpp,prof-java,4,0,0,0,0
2023-06-16,vk,social,all-courses,4,0,0,0,0
2023-06-16,vk,social,base-python,3,0,0,0,0
2023-06-16,vk,social,prof-python,3,0,0,0,0
2023-06-16,telegram,cpp,base-java,2,0,0,0,0
2023-06-16,telegram,cpp,dod-java,2,0,0,0,0
2023-06-16,timepad,cpp,base-frontend,2,0,0,0,0
2023-06-16,vk,cpc,php,2,0,0,0,0
2023-06-16,vk,cpp,base-frontend,2,0,0,0,0
2023-06-16,vk,social,dod-professions,2,0,0,0,0
2023-06-16,vk,social,hexlet-blog,2,0,0,0,0
2023-06-16,admitad,cpa,"442763",1,0,0,0,0
2023-06-16,admitad,cpc,"183258",1,0,0,0,0
2023-06-16,baidu.com,organic,,1,0,0,0,0
2023-06-16,instagram,social,base-python,1,0,0,0,0
2023-06-16,instagram,social,promo,1,0,0,0,0
2023-06-16,slack,social,hexlet,1,0,0,0,0
2023-06-16,telegram,cpm,frontend,1,0,0,0,0
2023-06-16,telegram,cpm,java,1,0,0,0,0
2023-06-16,telegram,cpp,base-python,1,0,0,0,0
2023-06-16,telegram,cpp,dod-frontend,1,0,0,0,0
2023-06-16,telegram,cpp,prof-frontend,1,0,0,0,0
2023-06-16,telegram,social,course_completed,1,0,0,0,0
2023-06-16,telegram,social,hexlet-blog,1,0,0,0,0
2023-06-16,telegram,social,promo,1,0,0,0,0
2023-06-16,telegram –≠—Ç–æ—Ç –∫—É—Ä—Å –ø–æ–±–µ–∂–¥—ë–Ω! üí™üí™üí™ –ë—ã–ª–æ –∫—Ä—É—Ç–æ! üöÄ,social,course_completed,1,0,0,0,0
2023-06-16,twitter,social,all-courses,1,0,0,0,0
2023-06-16,twitter,social,v-etoy-statie-my-dadim-neskolko-sovetov,1,0,0,0,0
2023-06-16,twitter,social,v-kontse-yanvarya-praktika-heksleta-ne-rabo,1,0,0,0,0
2023-06-16,vk,cpc,prof-php,1,0,0,0,0
2023-06-16,vk,cpc,yaintern,1,0,0,0,0
2023-06-16,vk,cpm,base,1,0,0,0,0
2023-06-16,vk,cpp,dod-frontend,1,0,0,0,0
2023-06-16,vk,social,base-frontend,1,0,0,0,0
2023-06-16,vk,social,dod-frontend,1,0,0,0,0
2023-06-16,vk,social,general,1,0,0,0,0
2023-06-16,vk,social,prof-data-analyst,1,0,0,0,0
2023-06-16,vk,social,reshenie-zadach--horoshiy-sposob-zakrepit,1,0,0,0,0
2023-06-16,yandex.com,organic,,1,0,0,0,0
2023-06-17,google,organic,,3499,0,0,0,0
2023-06-17,organic,organic,,1456,0,0,0,0
2023-06-17,yandex,cpc,freemium,200,14413,0,0,0
2023-06-17,yandex,cpc,prof-python,174,45139,0,0,0
2023-06-17,yandex,cpc,prof-frontend,132,59871,0,0,0
2023-06-17,yandex,cpc,prof-java,131,27510,0,0,0
2023-06-17,admitad,cpa,admitad,71,0,0,0,0
2023-06-17,yandex,cpc,base-python,63,0,0,0,0
2023-06-17,yandex,cpc,prof-professions-brand,58,3878,0,0,0
2023-06-17,yandex,cpc,base-java,43,0,0,0,0
2023-06-17,bing.com,organic,,41,0,0,0,0
2023-06-17,yandex,cpc,base-frontend,39,0,0,0,0
2023-06-17,yandex,cpc,prof-data-analytics,34,7663,0,0,0
2023-06-17,yandex,cpc,dod-professions,25,4770,0,0,0
2023-06-17,vk-senler,cpc,freemium,23,0,0,0,0
2023-06-17,yandex,cpc,prof-professions-retarget,22,1103,0,0,0
2023-06-17,yandex,cpc,dod-frontend,13,0,0,0,0
2023-06-17,yandex,cpc,dod-php,11,0,0,0,0
2023-06-17,yandex,cpc,dod-qa,11,0,0,0,0
2023-06-17,telegram,cpp,base-frontend,9,0,0,0,0
2023-06-17,vk,cpc,prof-python,9,7362,0,0,0
2023-06-17,yandex,cpc,dod-python-java,9,2138,0,0,0
2023-06-17,vk,cpc,prof-frontend,8,4974,0,0,0
2023-06-17,yandex,cpc,base-professions-retarget,8,0,0,0,0
2023-06-17,vk,cpc,freemium-frontend,7,2536,0,0,0
2023-06-17,vk,cpc,prof-data-analytics,7,5327,0,0,0
2023-06-17,vk,cpc,freemium-python,6,2537,0,0,0
2023-06-17,vk,cpc,prof-java,6,4124,0,0,0
2023-06-17,vk,social,dod-professions,6,0,0,0,0
2023-06-17,yandex,cpc,dod-java,6,0,0,0,0
2023-06-17,vk,cpc,freemium-java,5,1522,0,0,0
2023-06-17,telegram,cpp,prof-frontend,4,0,0,0,0
2023-06-17,telegram,cpp,base-java,3,0,0,0,0
2023-06-17,vk,social,all-courses,3,0,0,0,0
2023-06-17,baidu.com,organic,,2,0,0,0,0
2023-06-17,telegram,cpp,base-python,2,0,0,0,0
2023-06-17,telegram,social,course_completed,2,0,0,0,0
2023-06-17,telegram,social,dod-professions,2,0,0,0,0
2023-06-17,telegram,social,hexlet-blog,2,0,0,0,0
2023-06-17,vk,cpc,frontend,2,0,0,0,0
2023-06-17,vk,social,general,2,0,0,0,0
2023-06-17,yandex.com,organic,,2,0,0,0,0
2023-06-17,Yandex,cpc,"06892634",1,0,0,0,0
2023-06-17,Yandex,cpc,"93234055",1,0,0,0,0
2023-06-17,admitad,cpc,"442763",1,0,0,0,0
2023-06-17,facebook,social,hexlet-blog,1,0,0,0,0
2023-06-17,instagram,social,base-frontend,1,0,0,0,0
2023-06-17,instagram,social,hexlet-blog,1,0,0,0,0
2023-06-17,instagram,social,prof-data-analyst,1,0,0,0,0
2023-06-17,telegram,cpm,base_python,1,0,0,0,0
2023-06-17,telegram,cpm,frontend,1,0,0,0,0
2023-06-17,telegram,cpm,java,1,0,0,0,0
2023-06-17,telegram,cpp,prof-data-analytics,1,0,0,0,0
2023-06-17,telegram,cpp,prof-java,1,0,0,0,0
2023-06-17,telegram,cpp,prof-python,1,0,0,0,0
2023-06-17,telegram,social,promo,1,0,0,0,0
2023-06-17,timepad,cpp,base-frontend,1,0,0,0,0
2023-06-17,twitter,social,hexlet-blog,1,0,0,0,0
2023-06-17,twitter,social,promo,1,0,0,0,0
2023-06-17,vk,cpc,prof-qa,1,0,0,0,0
2023-06-17,vk,cpm,base,1,0,0,0,0
2023-06-17,vk,cpp,base-frontend,1,0,0,0,0
2023-06-17,vk,social,prof-data-analytics,1,0,0,0,0
2023-06-17,vk,social,promo,1,0,0,0,0
2023-06-17,yandex-direct,cpc,"50088205",1,0,0,0,0
2023-06-17,zen,social,zen_post,1,0,0,0,0
2023-06-18,google,organic,,3851,0,0,0,0
2023-06-18,organic,organic,,809,0,0,0,0
2023-06-18,yandex,cpc,freemium,219,16798,0,0,0
2023-06-18,yandex,cpc,prof-python,163,39233,0,0,0
2023-06-18,yandex,cpc,prof-frontend,149,50806,0,0,0
2023-06-18,yandex,cpc,prof-java,111,28605,0,0,0
2023-06-18,admitad,cpa,admitad,78,0,0,0,0
2023-06-18,yandex,cpc,base-java,61,0,0,0,0
2023-06-18,yandex,cpc,prof-professions-brand,51,3300,0,0,0
2023-06-18,yandex,cpc,base-python,43,0,0,0,0
2023-06-18,bing.com,organic,,36,0,0,0,0
2023-06-18,yandex,cpc,base-frontend,27,0,0,0,0
2023-06-18,yandex,cpc,prof-data-analytics,27,6446,0,0,0
2023-06-18,yandex,cpc,prof-professions-retarget,25,1491,0,0,0
2023-06-18,vk-senler,cpc,freemium,21,0,0,0,0
2023-06-18,yandex,cpc,dod-frontend,21,0,0,0,0
2023-06-18,yandex,cpc,dod-professions,14,7438,0,0,0
2023-06-18,telegram,cpp,base-frontend,11,0,0,0,0
2023-06-18,yandex,cpc,dod-php,11,0,0,0,0
2023-06-18,vk,cpc,prof-data-analytics,10,3579,0,0,0
2023-06-18,vk,cpc,freemium-frontend,9,2535,0,0,0
2023-06-18,yandex,cpc,base-professions-retarget,9,0,0,0,0
2023-06-18,vk,cpc,prof-java,8,4663,0,0,0
2023-06-18,vk-senler,cpc,dod-professions,8,0,0,0,0
2023-06-18,yandex,cpc,dod-java,8,0,0,0,0
2023-06-18,yandex,cpc,dod-python-java,8,3374,0,0,0
2023-06-18,vk,cpc,freemium-python,7,2536,0,0,0
2023-06-18,vk,cpc,prof-python,6,4591,0,0,0
2023-06-18,vk,social,dod-professions,4,0,0,0,0
2023-06-18,yandex,cpc,dod-qa,4,0,0,0,0
2023-06-18,telegram,cpp,base-python,3,0,0,0,0
2023-06-18,telegram,cpp,base-java,2,0,0,0,0
2023-06-18,telegram,cpp,prof-java,2,0,0,0,0
2023-06-18,telegram,cpp,prof-python,2,0,0,0,0
2023-06-18,telegram,social,course_completed,2,0,0,0,0
2023-06-18,telegram,social,hexlet-blog,2,0,0,0,0
2023-06-18,telegram,social,promo,2,0,0,0,0
2023-06-18,vc,cpp,dod-professions,2,0,0,0,0
2023-06-18,vk,cpc,prof-frontend,2,2912,0,0,0
2023-06-18,vk,social,all-courses,2,0,0,0,0
2023-06-18,Yandex,cpc,"39770358",1,0,0,0,0
2023-06-18,Yandex,cpc,"77386453",1,0,0,0,0
2023-06-18,Yandex,cpc,"81276251",1,0,0,0,0
2023-06-18,baidu.com,organic,,1,0,0,0,0
2023-06-18,facebook,cpc,freemium,1,0,0,0,0
2023-06-18,partners,cpm,all,1,0,0,0,0
2023-06-18,telegram,cpp,dod-frontend,1,0,0,0,0
2023-06-18,telegram,cpp,prof-qa,1,0,0,0,0
2023-06-18,telegram,social,base-frontend,1,0,0,0,0
2023-06-18,telegram,social,dod-professions,1,0,0,0,0
2023-06-18,telegram,social,mdtruehaskell--funktsionalnyy-yazyk,1,0,0,0,0
2023-06-18,twitter,social,all-courses,1,0,0,0,0
2023-06-18,twitter,social,course_completed,1,0,0,0,0
2023-06-18,vk,cpc,freemium-java,1,1524,0,0,0
2023-06-18,vk,cpp,base-frontend,1,0,0,0,0
2023-06-18,vk,social,prof-python,1,0,0,0,0
2023-06-18,vk,social,reshenie-zadach--horoshiy-sposob-zakrepit,1,0,0,0,0
2023-06-18,vk-senler,cpc,dod-frontend,1,0,0,0,0
2023-06-18,vk.com,social,skolko-stoit-obuchenie-na-hekslete-dlya,1,0,0,0,0
2023-06-18,vkontakte,social,button-vk,1,0,0,0,0
2023-06-18,yandex-direct,cpc,"97574364",1,0,0,0,0
2023-06-18,zen,social,hexlet-blog,1,0,0,0,0
2023-06-18,zen,social,prof-data-analyst,1,0,0,0,0
2023-06-18,zen_from_telegram,social,,1,0,0,0,0
2023-06-19,organic,organic,,1154,0,0,0,0
2023-06-19,google,organic,,502,0,0,0,0
2023-06-19,yandex,cpc,freemium,239,17212,0,0,0
2023-06-19,yandex,cpc,prof-python,185,45990,0,0,0
2023-06-19,yandex,cpc,prof-java,143,35136,0,0,0
2023-06-19,yandex,cpc,prof-frontend,135,72966,0,0,0
2023-06-19,admitad,cpa,admitad,69,0,0,0,0
2023-06-19,yandex,cpc,base-java,66,0,0,0,0
2023-06-19,yandex,cpc,base-python,60,0,0,0,0
2023-06-19,bing.com,organic,,54,0,0,0,0
2023-06-19,yandex,cpc,prof-professions-brand,45,3111,0,0,0
2023-06-19,yandex,cpc,base-frontend,43,0,0,0,0
2023-06-19,yandex,cpc,prof-data-analytics,35,6048,0,0,0
2023-06-19,vk-senler,cpc,freemium,23,0,0,0,0
2023-06-19,yandex,cpc,dod-frontend,18,0,0,0,0
2023-06-19,yandex,cpc,prof-professions-retarget,18,1057,0,0,0
2023-06-19,vk,cpc,prof-python,15,4934,0,0,0
2023-06-19,yandex,cpc,base-professions-retarget,14,0,0,0,0
2023-06-19,vk,cpc,prof-frontend,12,5078,0,0,0
2023-06-19,vk,cpc,prof-java,11,5469,0,0,0
2023-06-19,vk,cpc,prof-data-analytics,10,5326,0,0,0
2023-06-19,telegram,cpp,base-frontend,9,0,0,0,0
2023-06-19,vk,cpc,freemium-python,8,2479,0,0,0
2023-06-19,yandex,cpc,dod-python-java,8,2012,0,0,0
2023-06-19,yandex,cpc,dod-qa,8,0,0,0,0
2023-06-19,vk,cpc,freemium-frontend,7,2536,1,0,0
2023-06-19,yandex,cpc,dod-java,6,0,0,0,0
2023-06-19,yandex,cpc,dod-php,6,0,0,0,0
2023-06-19,yandex,cpc,dod-professions,6,3683,0,0,0
2023-06-19,vk,cpc,freemium-java,4,2423,0,0,0
2023-06-19,vk,cpp,dod-python-java,4,0,0,0,0
2023-06-19,vk,social,all-courses,4,0,0,0,0
2023-06-19,timepad,cpp,base-frontend,3,0,0,0,0
2023-06-19,twitter.com,social,istorii-uspeha-nashih-uchenikov-i-vypuskni,3,0,0,0,0
2023-06-19,vk,social,base-python,3,0,0,0,0
2023-06-19,go.mail.ru,organic,,2,0,0,0,0
2023-06-19,instagram,social,hexlet-blog,2,0,0,0,0
2023-06-19,telegram,cpp,base-python,2,0,0,0,0
2023-06-19,telegram,cpp,prof-python,2,0,0,0,0
2023-06-19,telegram,social,dod-professions,2,0,0,0,0
2023-06-19,telegram,social,promo,2,0,0,0,0
2023-06-19,twitter,social,hexlet-blog,2,0,0,0,0
2023-06-19,vk,social,base-java,2,0,0,0,0
2023-06-19,vk,social,general,2,0,0,0,0
2023-06-19,yandex.com,organic,,2,0,0,0,0
2023-06-19,zen,social,all-courses,2,0,0,0,0
2023-06-19,Yandex,cpc,"52168119",1,0,0,0,0
2023-06-19,Yandex,cpm,"84109871",1,0,0,0,0
2023-06-19,admitad,cpc,"442763",1,0,0,0,0
2023-06-19,dzen,social,dzen-post,1,0,0,0,0
2023-06-19,instagram,social,all-courses,1,0,0,0,0
2023-06-19,search.ukr.net,organic,,1,0,0,0,0
2023-06-19,telegram,cpm,java,1,0,0,0,0
2023-06-19,telegram,cpp,dod-java,1,0,0,0,0
2023-06-19,telegram,cpp,prof-data-analytics,1,0,0,0,0
2023-06-19,telegram,social,course_completed,1,0,0,0,0
2023-06-19,telegram,social,hexlet-blog,1,0,0,0,0
2023-06-19,telegram,social,kak-blagodarya-heksletu-ya-ustroilsya-v-epa,1,0,0,0,0
2023-06-19,telegram,social,special-newyear23,1,0,0,0,0
2023-06-19,twitter,social,devushki_v_it,1,0,0,0,0
2023-06-19,twitter,social,my-poprosili-nastavnikov-heksleta-rasska,1,0,0,0,0
2023-06-19,twitter,social,obuchenie-programmirovaniyu-v-30 -let-pod,1,0,0,0,0
2023-06-19,vc,cpp,dod-professions,1,0,0,0,0
2023-06-19,vk,cpp,base-frontend,1,0,0,0,0
2023-06-19,vk,cpp,dod-frontend,1,0,0,0,0
2023-06-19,vk,cpp,dod-professions,1,0,0,0,0
2023-06-19,vk,social,base-frontend,1,0,0,0,0
2023-06-19,vk,social,base-php,1,0,0,0,0
2023-06-19,vk,social,dod-professions,1,0,0,0,0
2023-06-19,vk,social,prof-data-analyst,1,0,0,0,0
2023-06-19,vk,social,reshenie-zadach--horoshiy-sposob-zakrepit,1,0,0,0,0
2023-06-19,zen,social,hexlet,1,0,0,0,0
2023-06-20,google,organic,,6348,0,0,0,0
2023-06-20,organic,organic,,2049,0,0,0,0
2023-06-20,yandex,cpc,freemium,242,16145,0,0,0
2023-06-20,yandex,cpc,prof-python,184,46055,0,0,0
2023-06-20,yandex,cpc,prof-frontend,148,68549,0,0,0
2023-06-20,yandex,cpc,prof-java,119,28063,0,0,0
2023-06-20,admitad,cpa,admitad,77,0,0,0,0
2023-06-20,yandex,cpc,base-python,58,0,0,0,0
2023-06-20,yandex,cpc,base-java,53,3805,0,0,0
2023-06-20,yandex,cpc,prof-professions-brand,47,3263,0,0,0
2023-06-20,bing.com,organic,,44,0,0,0,0
2023-06-20,yandex,cpc,prof-data-analytics,38,6795,0,0,0
2023-06-20,yandex,cpc,base-frontend,33,0,0,0,0
2023-06-20,yandex,cpc,prof-professions-retarget,27,784,0,0,0
2023-06-20,vk-senler,cpc,freemium,17,0,0,0,0
2023-06-20,yandex,cpc,dod-frontend,17,0,0,0,0
2023-06-20,yandex,cpc,dod-professions,17,6422,0,0,0
2023-06-20,vk,cpc,freemium-frontend,15,2851,0,0,0
2023-06-20,vk,cpc,prof-python,15,5839,0,0,0
2023-06-20,telegram,social,dod-professions,10,0,1,0,0
2023-06-20,yandex,cpc,dod-python-java,10,3269,0,0,0
2023-06-20,vk,cpc,freemium-java,9,2538,0,0,0
2023-06-20,instagram,social,base-frontend,8,0,0,0,0
2023-06-20,vk,cpc,prof-java,8,5205,0,0,0
2023-06-20,vk,cpc,prof-data-analytics,7,4941,0,0,0
2023-06-20,yandex,cpc,dod-php,7,0,0,0,0
2023-06-20,telegram,cpp,base-frontend,6,0,0,0,0
2023-06-20,yandex,cpc,dod-java,6,0,0,0,0
2023-06-20,instagram,social,prof-qa-auto,5,0,1,0,0
2023-06-20,vk,cpc,freemium-python,5,2127,0,0,0
2023-06-20,vk,cpp,dod-python-java,5,0,0,0,0
2023-06-20,yandex,cpc,dod-qa,5,0,0,0,0
2023-06-20,instagram,social,prof-frontend,4,0,0,0,0
2023-06-20,vk,cpc,prof-frontend,4,5078,0,0,0
2023-06-20,vk,social,dod-professions,4,0,0,0,0
2023-06-20,yandex.com,organic,,4,0,0,0,0
2023-06-20,instagram,social,prof-backend,3,0,0,0,0
2023-06-20,instagram,social,prof-data-analytics,3,0,0,0,0
2023-06-20,instagram,social,prof-java,3,0,0,0,0
2023-06-20,telegram,cpp,base-java,3,0,0,0,0
2023-06-20,telegram,cpp,base-python,3,0,0,0,0
2023-06-20,vk,social,all-courses,3,0,0,0,0
2023-06-20,go.mail.ru,organic,,2,0,0,0,0
2023-06-20,instagram,social,prof-python,2,0,0,0,0
2023-06-20,instagram,social,prof-qa,2,0,0,0,0
2023-06-20,instagram,social,prof-rails,2,0,0,0,0
2023-06-20,vk,social,hexlet-blog,2,0,0,0,0
2023-06-20,yandex,cpc,base-professions-retarget,2,0,0,0,0
2023-06-20,Yandex,cpm,"14191988",1,0,0,0,0
2023-06-20,admitad,cpc,"442763",1,0,0,0,0
2023-06-20,baidu.com,organic,,1,0,0,0,0
2023-06-20,instagram,social,all-courses,1,0,0,0,0
2023-06-20,instagram,social,base-java,1,0,0,0,0
2023-06-20,instagram,social,prof-php,1,0,0,0,0
2023-06-20,telegram,cpm,frontend,1,0,0,0,0
2023-06-20,telegram,cpp,prof-data-analytics,1,0,0,0,0
2023-06-20,telegram,cpp,prof-frontend,1,0,0,0,0
2023-06-20,telegram,cpp,prof-java,1,0,0,0,0
2023-06-20,telegram,cpp,prof-python,1,0,0,0,0
2023-06-20,telegram,social,hexlet-blog,1,0,0,0,0
2023-06-20,telegram,social,mdtruereshenie-zadach--horoshiy-sposob-z,1,0,0,0,0
2023-06-20,timepad,cpp,base-frontend,1,0,0,0,0
2023-06-20,twitter,social,my-poprosili-nastavnikov-heksleta-rasska,1,0,0,0,0
2023-06-20,twitter.com,social,buffer,1,0,0,0,0
2023-06-20,vc,cpp,dod-professions,1,0,1,0,0
2023-06-20,vk,social,base-frontend,1,0,0,0,0
2023-06-20,vk,social,base-java,1,0,0,0,0
2023-06-20,vk,social,base-python,1,0,0,0,0
2023-06-20,vk,social,dod-python-java,1,0,0,0,0
2023-06-20,vk,social,general,1,0,0,0,0
2023-06-20,vk,social,reshenie-zadach--horoshiy-sposob-zakrepit,1,0,0,0,0
2023-06-20,vk-senler,cpc,dod-frontend,1,0,0,0,0
2023-06-20,vk-senler,cpc,dod-professions,1,0,0,0,0
2023-06-20,vk.com,social,skolko-stoit-obuchenie-na-hekslete-dlya,1,0,0,0,0
2023-06-20,yandex-direct,cpc,"26593528",1,0,0,0,0
2023-06-20,yandex-direct,cpc,"70989018",1,0,0,0,0
2023-06-20,yandex-direct,cpc,"85838400",1,0,0,0,0
2023-06-20,zen,social,all-courses,1,0,0,0,0
2023-06-21,organic,organic,,1287,0,0,0,0
2023-06-21,google,organic,,1060,0,0,0,0
2023-06-21,yandex,cpc,freemium,225,18973,0,0,0
2023-06-21,yandex,cpc,prof-python,155,46840,0,0,0
2023-06-21,yandex,cpc,prof-frontend,140,64454,0,0,0
2023-06-21,yandex,cpc,prof-java,126,29144,0,0,0
2023-06-21,admitad,cpa,admitad,78,0,0,0,0
2023-06-21,yandex,cpc,base-java,59,5157,0,0,0
2023-06-21,yandex,cpc,base-frontend,55,0,0,0,0
2023-06-21,bing.com,organic,,45,0,0,0,0
2023-06-21,yandex,cpc,base-python,44,4741,0,0,0
2023-06-21,yandex,cpc,prof-professions-brand,42,4320,0,0,0
2023-06-21,yandex,cpc,prof-data-analytics,32,3920,0,0,0
2023-06-21,yandex,cpc,prof-professions-retarget,25,874,0,0,0
2023-06-21,vk,cpc,prof-python,19,5890,0,0,0
2023-06-21,vk-senler,cpc,freemium,16,0,0,0,0
2023-06-21,yandex,cpc,dod-frontend,16,0,0,0,0
2023-06-21,vk,cpc,prof-data-analytics,15,6090,0,0,0
2023-06-21,yandex,cpc,dod-java,13,0,0,0,0
2023-06-21,telegram,cpp,prof-java,12,0,0,0,0
2023-06-21,yandex,cpc,dod-python-java,12,2006,0,0,0
2023-06-21,yandex,cpc,dod-professions,11,0,0,0,0
2023-06-21,telegram,cpp,prof-python,10,0,1,0,0
2023-06-21,vk,cpc,prof-frontend,10,5079,0,0,0
2023-06-21,vk,cpc,freemium-frontend,9,2537,0,0,0
2023-06-21,vk,cpc,prof-java,9,5257,0,0,0
2023-06-21,yandex,cpc,dod-qa,9,0,0,0,0
2023-06-21,vk,cpp,dod-python-java,8,0,0,0,0
2023-06-21,yandex.com,organic,,8,0,0,0,0
2023-06-21,vk,cpc,freemium-python,7,2193,0,0,0
2023-06-21,vk,cpc,freemium-java,6,2537,0,0,0
2023-06-21,yandex,cpc,base-professions-retarget,6,0,0,0,0
2023-06-21,telegram,cpp,base-java,5,0,0,0,0
2023-06-21,yandex,cpc,dod-php,5,0,0,0,0
2023-06-21,instagram,social,prof-frontend,4,0,0,0,0
2023-06-21,telegram,cpp,base-frontend,4,0,0,0,0
2023-06-21,telegram,social,dod-professions,4,0,0,0,0
2023-06-21,vk,social,hexlet-blog,3,0,0,0,0
2023-06-21,facebook,social,hexlet-blog,2,0,0,0,0
2023-06-21,instagram,social,prof-qa,2,0,0,0,0
2023-06-21,telegram,social,hexlet-blog,2,0,0,0,0
2023-06-21,telegram,social,promo,2,0,0,0,0
2023-06-21,vk,social,all-courses,2,0,0,0,0
2023-06-21,vk,social,general,2,0,0,0,0
2023-06-21,Yandex,cpc,"08409986",1,0,0,0,0
2023-06-21,Yandex,cpc,"74431025",1,0,0,0,0
2023-06-21,admitad,cpc,"442763",1,0,0,0,0
2023-06-21,dzen,social,dzen-post,1,0,0,0,0
2023-06-21,instagram,social,base-frontend,1,0,0,0,0
2023-06-21,instagram,social,hexlet-blog,1,0,0,0,0
2023-06-21,instagram,social,prof-backend,1,0,0,0,0
2023-06-21,instagram,social,prof-data-analytics,1,0,0,0,0
2023-06-21,instagram,social,prof-fullstack,1,0,0,0,0
2023-06-21,instagram,social,prof-java,1,0,0,0,0
2023-06-21,instagram,social,prof-php,1,0,0,0,0
2023-06-21,instagram,social,prof-python,1,0,0,0,0
2023-06-21,instagram,social,prof-qa-auto,1,0,0,0,0
2023-06-21,telegram,cpm,base_java,1,0,0,0,0
2023-06-21,telegram,cpm,python,1,0,0,0,0
2023-06-21,telegram,cpp,base-python,1,0,0,0,0
2023-06-21,telegram,cpp,dod-java,1,0,0,0,0
2023-06-21,telegram,cpp,prof-data-analytics,1,0,0,0,0
2023-06-21,telegram,social,kak-optimizirovat-tretiy-proekt-v-professii-python,1,0,0,0,0
2023-06-21,telegram,social,mdtruehaskell--funktsionalnyy-yazyk,1,0,0,0,0
2023-06-21,telegram,social,u-nas-chasto-sprashivayut--kakie-knigi-nuzhn,1,0,0,0,0
2023-06-21,tg,social,hostel,1,0,0,0,0
2023-06-21,twitter,social,hexlet-blog,1,0,0,0,0
2023-06-21,twitter,social,promo,1,0,0,0,0
2023-06-21,vk,cpc,freemium,1,0,0,0,0
2023-06-21,vk,cpc,prof-php,1,0,0,0,0
2023-06-21,vk,cpp,base-frontend,1,0,0,0,0
2023-06-21,vk,social,base-java,1,0,0,0,0
2023-06-21,vk,social,course_completed,1,0,0,0,0
2023-06-21,vk,social,dod-professions,1,0,0,0,0
2023-06-21,vk,social,prof-data-analyst,1,0,0,0,0
2023-06-21,vk,social,prof-python,1,0,0,0,0
2023-06-21,vk-group,cpc,dod-qa,1,0,0,0,0
2023-06-21,vk.com,social,skolko-stoit-obuchenie-na-hekslete-dlya,1,0,0,0,0
2023-06-21,yandex-direct,cpc,"71522986",1,0,0,0,0
2023-06-21,zen,social,all-courses,1,0,0,0,0
2023-06-21,zen,social,hexlet,1,0,0,0,0
2023-06-21,zen,social,hexlet-blog,1,0,0,0,0
2023-06-21,zen_from_telegram,social,,1,0,0,0,0
2023-06-22,google,organic,,3601,0,0,0,0
2023-06-22,organic,organic,,1196,0,0,0,0
2023-06-22,yandex,cpc,freemium,251,14680,0,0,0
2023-06-22,yandex,cpc,prof-frontend,175,69976,0,0,0
2023-06-22,yandex,cpc,prof-python,163,50579,0,0,0
2023-06-22,yandex,cpc,prof-java,129,35881,0,0,0
2023-06-22,admitad,cpa,admitad,99,0,0,0,0
2023-06-22,yandex,cpc,base-java,66,8185,0,0,0
2023-06-22,yandex,cpc,base-python,65,3986,0,0,0
2023-06-22,yandex,cpc,base-frontend,51,0,0,0,0
2023-06-22,bing.com,organic,,48,0,0,0,0
2023-06-22,yandex,cpc,prof-professions-brand,41,4161,0,0,0
2023-06-22,yandex,cpc,prof-data-analytics,29,1462,0,0,0
2023-06-22,vk-senler,cpc,freemium,22,0,0,0,0
2023-06-22,yandex,cpc,dod-frontend,20,0,0,0,0
2023-06-22,vk,cpc,prof-python,19,5525,0,0,0
2023-06-22,yandex,cpc,prof-professions-retarget,19,1073,0,0,0
2023-06-22,vk,cpc,prof-java,13,4223,0,0,0
2023-06-22,yandex,cpc,dod-professions,12,0,0,0,0
2023-06-22,vk,cpc,freemium-frontend,11,2623,0,0,0
2023-06-22,vk,cpc,prof-data-analytics,11,5964,0,0,0
2023-06-22,yandex,cpc,dod-php,11,0,0,0,0
2023-06-22,telegram,cpp,prof-java,10,0,0,0,0
2023-06-22,yandex,cpc,dod-python-java,10,4988,0,0,0
2023-06-22,vk,cpp,dod-python-java,9,0,0,0,0
2023-06-22,telegram,cpp,prof-python,7,0,0,0,0
2023-06-22,vk,cpc,prof-frontend,7,3684,0,0,0
2023-06-22,yandex,cpc,base-professions-retarget,7,0,0,0,0
2023-06-22,yandex,cpc,dod-java,7,0,0,0,0
2023-06-22,vk,cpc,freemium-python,6,1872,0,0,0
2023-06-22,baidu.com,organic,,5,0,0,0,0
2023-06-22,vk,social,all-courses,5,0,0,0,0
2023-06-22,yandex.com,organic,,5,0,0,0,0
2023-06-22,telegram,social,dod-professions,4,0,0,0,0
2023-06-22,vk,cpc,freemium-java,4,2144,0,0,0
2023-06-22,yandex,cpc,dod-qa,4,0,0,0,0
2023-06-22,dzen,social,dzen-post,3,0,0,0,0
2023-06-22,tg,social,hostel,2,0,0,0,0
2023-06-22,vk,social,base-python,2,0,0,0,0
2023-06-22,zen,social,all-courses,2,0,0,0,0
2023-06-22,facebook,cpc,freemium,1,0,0,0,0
2023-06-22,facebook,social,hexlet-blog,1,0,0,0,0
2023-06-22,instagram,social,all-courses,1,0,0,0,0
2023-06-22,instagram,social,hexlet-blog,1,0,0,0,0
2023-06-22,mytarget,cpc,retarget,1,0,0,0,0
2023-06-22,podcast,social,all-courses,1,0,0,0,0
2023-06-22,telegram,cpm,base_java,1,0,0,0,0
2023-06-22,telegram,cpp,base-frontend,1,0,0,0,0
2023-06-22,telegram,cpp,base-java,1,0,0,0,0
2023-06-22,telegram,cpp,base-python,1,0,0,0,0
2023-06-22,telegram,social,hexlet-blog,1,0,0,0,0
2023-06-22,telegram,social,promo,1,0,0,0,0
2023-06-22,timepad,cpp,base-frontend,1,0,0,0,0
2023-06-22,twitter,social,grokaem_algoritmy,1,0,0,0,0
2023-06-22,twitter,social,hexlet-blog,1,0,0,0,0
2023-06-22,vk,cpc,python,1,0,0,0,0
2023-06-22,vk,cpp,base-frontend,1,0,0,0,0
2023-06-22,vk,social,"8-statey--kotorye-budut-polezny-novichku",1,0,0,0,0
2023-06-22,vk,social,base-html,1,0,0,0,0
2023-06-22,vk,social,course_completed,1,0,0,0,0
2023-06-22,vk,social,dod-professions,1,0,0,0,0
2023-06-22,vk,social,dod-python-java,1,0,0,0,0
2023-06-22,vk,social,planiruy-uchebu--fokusiruysya-na-protsesse,1,0,0,0,0
2023-06-22,vk,social,prof-python,1,0,0,0,0
2023-06-22,vk,social,promo,1,0,0,0,0
2023-06-22,vk-group,cpc,dod-qa,1,0,0,0,0
2023-06-22,vk-senler,cpc,dod-python-java,1,0,0,0,0
2023-06-22,yandex-direct,cpc,"18177858",1,0,0,0,0
2023-06-22,zen,social,hexlet,1,0,0,0,0
2023-06-22,zen_from_telegram,social,,1,0,0,0,0
2023-06-23,google,organic,,5180,0,0,0,0
2023-06-23,organic,organic,,1669,0,0,0,0
2023-06-23,yandex,cpc,freemium,255,18235,0,0,0
2023-06-23,yandex,cpc,prof-python,207,41643,0,0,0
2023-06-23,yandex,cpc,prof-frontend,182,56368,0,0,0
2023-06-23,yandex,cpc,prof-java,134,34444,0,0,0
2023-06-23,yandex,cpc,base-java,71,10843,0,0,0
2023-06-23,yandex,cpc,base-python,66,8276,0,0,0
2023-06-23,admitad,cpa,admitad,61,0,1,0,0
2023-06-23,yandex,cpc,base-frontend,58,0,0,0,0
2023-06-23,telegram,social,hexlet-blog,52,0,0,0,0
2023-06-23,yandex,cpc,prof-professions-brand,49,4029,0,0,0
2023-06-23,yandex,cpc,prof-data-analytics,43,8165,0,0,0
2023-06-23,bing.com,organic,,39,0,0,0,0
2023-06-23,yandex,cpc,prof-professions-retarget,34,1274,0,0,0
2023-06-23,yandex,cpc,dod-frontend,22,0,0,0,0
2023-06-23,telegram,cpp,prof-java,19,0,1,0,0
2023-06-23,vk-senler,cpc,freemium,19,0,0,0,0
2023-06-23,yandex,cpc,dod-professions,18,0,0,0,0
2023-06-23,vk,cpc,prof-python,17,4149,0,0,0
2023-06-23,vk,cpc,prof-data-analytics,16,4952,0,0,0
2023-06-23,vk,cpc,prof-frontend,12,3807,0,0,0
2023-06-23,vk,cpc,freemium-frontend,11,2539,0,0,0
2023-06-23,yandex,cpc,dod-python-java,9,676,0,0,0
2023-06-23,telegram,cpp,prof-python,8,0,0,0,0
2023-06-23,yandex,cpc,base-professions-retarget,8,0,0,0,0
2023-06-23,yandex,cpc,dod-php,8,0,0,0,0
2023-06-23,vk,cpc,freemium-java,7,2539,0,0,0
2023-06-23,vk,cpc,prof-java,7,6346,0,0,0
2023-06-23,yandex,cpc,dod-java,7,0,0,0,0
2023-06-23,telegram,cpp,base-frontend,6,0,0,0,0
2023-06-23,vk,cpc,base-python,5,2284,0,0,0
2023-06-23,vk,cpc,freemium-python,5,2034,0,0,0
2023-06-23,vk,social,all-courses,5,0,0,0,0
2023-06-23,yandex,cpc,dod-qa,5,0,0,0,0
2023-06-23,timepad,cpp,base-frontend,4,0,0,0,0
2023-06-23,yandex.com,organic,,3,0,0,0,0
2023-06-23,telegram,cpp,prof-frontend,2,0,0,0,0
2023-06-23,telegram,social,dod-professions,2,0,0,0,0
2023-06-23,vk,cpp,dod-python-java,2,0,0,0,0
2023-06-23,vk,social,hexlet-blog,2,0,0,0,0
2023-06-23,vk,social,prof-python,2,0,0,0,0
2023-06-23,zen,social,hexlet,2,0,0,0,0
2023-06-23,facebook,cpc,freemium,1,0,0,0,0
2023-06-23,facebook,cpm,freemium-en,1,0,0,0,0
2023-06-23,instagram,social,prof-frontend,1,0,0,0,0
2023-06-23,instagram,social,prof-qa-auto,1,0,0,0,0
2023-06-23,search.ukr.net,organic,,1,0,0,0,0
2023-06-23,telegram,cpm,base_python,1,0,0,0,0
2023-06-23,telegram,cpm,java,1,0,0,0,0
2023-06-23,telegram,cpp,base-python,1,0,0,0,0
2023-06-23,telegram,cpp,dod-php,1,0,0,0,0
2023-06-23,telegram,social,base,1,0,0,0,0
2023-06-23,telegram,social,promo,1,0,0,0,0
2023-06-23,twitter,social,how-to-sleep,1,0,0,0,0
2023-06-23,twitter,social,promo,1,0,0,0,0
2023-06-23,vk,social,"8-statey--kotorye-budut-polezny-novichku",1,0,0,0,0
2023-06-23,vk,social,base-python,1,0,0,0,0
2023-06-23,vk,social,course_completed,1,0,0,0,0
2023-06-23,vk,social,open_lectures23,1,0,0,0,0
2023-06-23,vk,social,prof-data-analyst,1,0,0,0,0
2023-06-23,vk-senler,cpc,dod-python-java,1,0,0,0,0
2023-06-24,google,organic,,2746,0,0,0,0
2023-06-24,organic,organic,,1225,0,0,0,0
2023-06-24,yandex,cpc,freemium,263,14330,0,0,0
2023-06-24,yandex,cpc,prof-frontend,172,52548,0,0,0
2023-06-24,yandex,cpc,prof-python,164,34954,0,0,0
2023-06-24,yandex,cpc,prof-java,129,29381,0,0,0
2023-06-24,admitad,cpa,admitad,60,0,2,0,0
2023-06-24,yandex,cpc,base-java,58,8258,0,0,0
2023-06-24,yandex,cpc,base-frontend,41,0,0,0,0
2023-06-24,yandex,cpc,base-python,40,12132,0,0,0
2023-06-24,telegram,social,hexlet-blog,38,0,0,0,0
2023-06-24,yandex,cpc,prof-professions-brand,35,3093,0,0,0
2023-06-24,bing.com,organic,,32,0,0,0,0
2023-06-24,yandex,cpc,prof-data-analytics,29,5165,0,0,0
2023-06-24,yandex,cpc,prof-professions-retarget,27,1017,0,0,0
2023-06-24,yandex,cpc,dod-frontend,24,0,0,0,0
2023-06-24,yandex,cpc,dod-professions,23,0,0,0,0
2023-06-24,vk,cpc,prof-python,18,5738,0,0,0
2023-06-24,vk,cpc,prof-data-analytics,14,4322,0,0,0
2023-06-24,vk,cpc,prof-java,13,6347,0,0,0
2023-06-24,telegram,cpp,base-frontend,11,0,0,0,0
2023-06-24,telegram,cpp,prof-java,11,0,0,0,0
2023-06-24,yandex,cpc,dod-python-java,10,0,0,0,0
2023-06-24,vk,cpc,prof-frontend,9,5076,0,0,0
2023-06-24,yandex,cpc,dod-java,9,0,0,0,0
2023-06-24,yandex,cpc,dod-php,8,0,0,0,0
2023-06-24,vk,cpc,base-python,7,2284,0,0,0
2023-06-24,vk,cpc,freemium-python,7,2273,0,0,0
2023-06-24,vk,cpc,freemium-frontend,6,2539,0,0,0
2023-06-24,vk-senler,cpc,freemium,6,0,0,0,0
2023-06-24,yandex,cpc,base-professions-retarget,6,0,0,0,0
2023-06-24,yandex,cpc,dod-qa,5,0,0,0,0
2023-06-24,baidu.com,organic,,4,0,0,0,0
2023-06-24,vk,cpc,freemium-java,3,1723,0,0,0
2023-06-24,vk,social,base-python,3,0,0,0,0
2023-06-24,telegram,cpp,prof-frontend,2,0,0,0,0
2023-06-24,telegram,cpp,prof-python,2,0,0,0,0
2023-06-24,vk,cpp,dod-python-java,2,0,0,0,0
2023-06-24,vk,social,all-courses,2,0,0,0,0
2023-06-24,vk,social,prof-python,2,0,0,0,0
2023-06-24,yandex.com,organic,,2,0,0,0,0
2023-06-24,facebook,cpc,python,1,0,0,0,0
2023-06-24,go.mail.ru,organic,,1,0,0,0,0
2023-06-24,telegram,cpm,frontend,1,0,0,0,0
2023-06-24,telegram,cpp,base-java,1,0,0,0,0
2023-06-24,telegram,cpp,base-python,1,0,0,0,0
2023-06-24,telegram,social,promo,1,0,0,0,0
2023-06-24,timepad,cpp,base-frontend,1,0,0,0,0
2023-06-24,twitter,social,promo,1,0,0,0,0
2023-06-24,vk,cpp,base-frontend,1,0,0,0,0
2023-06-24,vk,social,base-java,1,0,0,0,0
2023-06-24,vk,social,hexlet-blog,1,0,1,0,0
2023-06-24,vk,social,matematika-ilnar,1,0,0,0,0
2023-06-24,vk,social,reshenie-zadach--horoshiy-sposob-zakrepit,1,0,0,0,0
2023-06-24,vk-senler,cpc,base-python,1,0,0,0,0
2023-06-24,vk-senler,cpc,dod-frontend,1,0,0,0,0
2023-06-24,vk-senler,cpc,dod-python-java,1,0,0,0,0
2023-06-24,yandex-direct,cpc,"57063851",1,0,0,0,0
2023-06-25,google,organic,,3550,0,0,0,0
2023-06-25,organic,organic,,1516,0,0,0,0
2023-06-25,yandex,cpc,freemium,211,14213,0,0,0
2023-06-25,yandex,cpc,prof-python,157,41468,0,0,0
2023-06-25,yandex,cpc,prof-java,149,37431,0,0,0
2023-06-25,yandex,cpc,prof-frontend,147,57264,0,0,0
2023-06-25,yandex,cpc,base-java,66,11999,0,0,0
2023-06-25,yandex,cpc,base-python,61,8006,0,0,0
2023-06-25,yandex,cpc,prof-professions-brand,46,5162,0,0,0
2023-06-25,yandex,cpc,base-frontend,40,0,0,0,0
2023-06-25,bing.com,organic,,31,0,0,0,0
2023-06-25,yandex,cpc,prof-professions-retarget,29,919,0,0,0
2023-06-25,vk,cpc,prof-python,26,6042,0,0,0
2023-06-25,yandex,cpc,prof-data-analytics,23,4694,0,0,0
2023-06-25,vk,cpc,prof-java,22,9138,0,0,0
2023-06-25,yandex,cpc,dod-frontend,22,0,0,0,0
2023-06-25,telegram,cpp,prof-java,17,0,0,0,0
2023-06-25,vk,cpc,prof-data-analytics,15,3807,0,0,0
2023-06-25,telegram,social,hexlet-blog,14,0,0,0,0
2023-06-25,vk,cpc,freemium-frontend,13,2538,0,0,0
2023-06-25,yandex,cpc,dod-professions,12,0,0,0,0
2023-06-25,vk,cpc,base-python,10,3522,0,0,0
2023-06-25,yandex,cpc,dod-java,9,0,0,0,0
2023-06-25,vk,cpc,freemium-python,8,2085,0,0,0
2023-06-25,yandex,cpc,dod-php,7,0,0,0,0
2023-06-25,yandex,cpc,dod-qa,6,0,0,0,0
2023-06-25,vk,cpc,prof-frontend,5,6091,0,0,0
2023-06-25,yandex,cpc,base-professions-retarget,4,0,0,0,0
2023-06-25,yandex,cpc,dod-python-java,4,0,0,0,0
2023-06-25,vk-senler,cpc,freemium,3,0,0,0,0
2023-06-25,yandex.com,organic,,3,0,0,0,0
2023-06-25,go.mail.ru,organic,,2,0,0,0,0
2023-06-25,telegram,cpp,base-frontend,2,0,0,0,0
2023-06-25,telegram,cpp,base-python,2,0,0,0,0
2023-06-25,telegram,cpp,prof-python,2,0,0,0,0
2023-06-25,telegram,social,course_completed,2,0,0,0,0
2023-06-25,telegram,social,dod-professions,2,0,0,0,0
2023-06-25,timepad,cpp,base-frontend,2,0,0,0,0
2023-06-25,vk,cpc,freemium-java,2,1523,0,0,0
2023-06-25,vk,cpp,base-frontend,2,0,0,0,0
2023-06-25,vk,social,all-courses,2,0,0,0,0
2023-06-25,vk-senler,cpc,dod-frontend,2,0,0,0,0
2023-06-25,baidu.com,organic,,1,0,0,0,0
2023-06-25,instagram,social,base-pyton,1,0,0,0,0
2023-06-25,instagram,social,prof-fullstack,1,0,0,0,0
2023-06-25,instagram,social,prof-php,1,0,0,0,0
2023-06-25,instagram,social,prof-python,1,0,0,0,0
2023-06-25,telegram,cpp,base-java,1,0,0,0,0
2023-06-25,telegram,social,mdtruevyrazitelnyy-javascript--arh,1,0,0,0,0
2023-06-25,telegram,social,studenty-heksleta-inogda-rasstraivayutsya,1,0,0,0,0
2023-06-25,twitter,social,devushki_v_it,1,0,0,0,0
2023-06-25,vk,social,base-python,1,0,0,0,0
2023-06-25,vk,social,dod-python-java,1,0,0,0,0
2023-06-25,vk,social,general,1,0,0,0,0
2023-06-25,vk,social,hexlet-blog,1,0,0,0,0
2023-06-25,vk,social,prof-python,1,0,0,0,0
2023-06-25,vkontakte,social,button-vk,1,0,0,0,0
2023-06-25,zen,social,hexlet,1,0,0,0,0
2023-06-26,google,organic,,5764,0,0,0,0
2023-06-26,organic,organic,,1137,0,0,0,0
2023-06-26,yandex,cpc,freemium,251,16668,0,0,0
2023-06-26,yandex,cpc,prof-python,187,41547,0,0,0
2023-06-26,yandex,cpc,prof-frontend,166,59123,0,0,0
2023-06-26,yandex,cpc,prof-java,121,35429,0,0,0
2023-06-26,admitad,cpa,admitad,99,0,0,0,0
2023-06-26,telegram,social,hexlet-blog,82,0,0,0,0
2023-06-26,telegram,cpp,base-python,60,0,0,0,0
2023-06-26,yandex,cpc,base-python,57,7940,0,0,0
2023-06-26,yandex,cpc,base-java,52,10728,0,0,0
2023-06-26,bing.com,organic,,49,0,0,0,0
2023-06-26,yandex,cpc,base-frontend,43,0,0,0,0
2023-06-26,yandex,cpc,prof-professions-brand,40,4286,0,0,0
2023-06-26,yandex,cpc,prof-data-analytics,36,4699,0,0,0
2023-06-26,vk,cpc,prof-python,24,5803,0,0,0
2023-06-26,vk,cpc,prof-java,19,7992,0,0,0
2023-06-26,yandex,cpc,dod-frontend,19,0,0,0,0
2023-06-26,yandex,cpc,dod-professions,19,0,0,0,0
2023-06-26,vk,cpc,freemium-frontend,18,2538,0,0,0
2023-06-26,yandex,cpc,prof-professions-retarget,18,1431,0,0,0
2023-06-26,vk-senler,cpc,freemium,17,0,0,0,0
2023-06-26,yandex,cpc,dod-python-java,11,0,0,0,0
2023-06-26,telegram,cpp,base-java,10,0,0,0,0
2023-06-26,vk,cpc,freemium-python,8,1967,0,0,0
2023-06-26,yandex,cpc,dod-qa,7,0,0,0,0
2023-06-26,yandex,cpc,dod-java,6,0,0,0,0
2023-06-26,facebook,social,hexlet-blog,5,0,0,0,0
2023-06-26,vk,social,hexlet-blog,5,0,0,0,0
2023-06-26,telegram,cpp,prof-python,4,0,0,0,0
2023-06-26,vk,cpc,prof-data-analytics,4,1401,0,0,0
2023-06-26,vk,cpc,prof-frontend,4,4319,0,0,0
2023-06-26,yandex,cpc,base-professions-retarget,4,0,0,0,0
2023-06-26,baidu.com,organic,,3,0,0,0,0
2023-06-26,telegram,cpp,prof-java,3,0,0,0,0
2023-06-26,telegram,social,dod-professions,3,0,0,0,0
2023-06-26,vk,cpc,base-python,3,1886,0,0,0
2023-06-26,vk,social,prof-python,3,0,0,0,0
2023-06-26,yandex,cpc,dod-php,3,0,0,0,0
2023-06-26,vk,cpp,base-java,2,0,0,0,0
2023-06-26,vk,social,all-courses,2,0,0,0,0
2023-06-26,vk,social,base-java,2,0,0,0,0
2023-06-26,admitad,cpa,"442763",1,0,0,0,0
2023-06-26,admitad,cpc,"183258",1,0,0,0,0
2023-06-26,dzen,social,dzen-post,1,0,0,0,0
2023-06-26,instagram,social,all-courses,1,0,0,0,0
2023-06-26,instagram,social,hexlet-blog,1,0,0,0,0
2023-06-26,instagram,social,prof-python,1,0,0,0,0
2023-06-26,instagram,social,promo,1,0,0,0,0
2023-06-26,podcast,social,interview,1,0,0,0,0
2023-06-26,search.ukr.net,organic,,1,0,0,0,0
2023-06-26,telegram,cpp,base-frontend,1,0,0,0,0
2023-06-26,telegram,cpp,prof-data-analytics,1,0,0,0,0
2023-06-26,telegram,cpp,prof-frontend,1,0,0,0,0
2023-06-26,telegram,social,"20-sovetov-dlya-buduschih-programmistov--ko",1,0,0,0,0
2023-06-26,telegram,social,course_completed,1,0,0,0,0
2023-06-26,telegram,social,uyazvimost-v-java-ugrozhaet-sotnyam-tysyach,1,0,0,0,0
2023-06-26,twitter,social,"9-marta-v-1930-po-moskovskomu-vremeni-p",1,0,0,0,0
2023-06-26,vk,cpc,freemium-java,1,1516,0,0,0
2023-06-26,vk,cpp,base-frontend,1,0,0,0,0
2023-06-26,vk,cpp,dod-python-java,1,0,0,0,0
2023-06-26,vk,social,base-python,1,0,0,0,0
2023-06-26,vk,social,general,1,0,0,0,0
2023-06-26,vk,social,prof-data-analyst,1,0,0,0,0
2023-06-26,vk-senler,cpc,base-frontend,1,0,0,0,0
2023-06-26,yandex.com,organic,,1,0,0,0,0
2023-06-26,zen,social,all-courses,1,0,0,0,0
2023-06-26,zen,social,prof-python,1,0,0,0,0
2023-06-27,google,organic,,5965,0,0,0,0
2023-06-27,organic,organic,,1863,0,0,0,0
2023-06-27,yandex,cpc,freemium,238,13694,0,0,0
2023-06-27,yandex,cpc,prof-python,175,39939,0,0,0
2023-06-27,yandex,cpc,prof-frontend,158,60963,0,0,0
2023-06-27,yandex,cpc,prof-java,128,28235,0,0,0
2023-06-27,admitad,cpa,admitad,75,0,0,0,0
2023-06-27,yandex,cpc,base-java,58,5584,0,0,0
2023-06-27,yandex,cpc,base-python,58,10271,0,0,0
2023-06-27,yandex,cpc,prof-professions-brand,58,5257,0,0,0
2023-06-27,bing.com,organic,,50,0,0,0,0
2023-06-27,yandex,cpc,base-frontend,39,0,0,0,0
2023-06-27,yandex,cpc,prof-data-analytics,38,7092,0,0,0
2023-06-27,telegram,social,hexlet-blog,36,0,0,0,0
2023-06-27,yandex,cpc,prof-professions-retarget,32,669,0,0,0
2023-06-27,yandex,cpc,dod-professions,27,0,0,0,0
2023-06-27,vk-senler,cpc,freemium,24,0,0,0,0
2023-06-27,telegram,cpp,base-python,23,0,0,0,0
2023-06-27,vk,cpc,prof-python,16,4676,0,0,0
2023-06-27,yandex,cpc,dod-frontend,13,0,0,0,0
2023-06-27,vk,cpc,freemium-frontend,12,2538,0,0,0
2023-06-27,telegram,cpp,base-java,11,0,0,0,0
2023-06-27,telegram,cpp,base-frontend,10,0,0,0,0
2023-06-27,vk,cpc,prof-java,10,5394,0,0,0
2023-06-27,yandex,cpc,dod-python-java,10,0,0,0,0
2023-06-27,vk,cpc,base-python,9,2410,0,0,0
2023-06-27,yandex,cpc,dod-java,9,0,0,0,0
2023-06-27,vk,cpc,freemium-python,8,2015,0,0,0
2023-06-27,vk,cpc,prof-frontend,6,6660,0,0,0
2023-06-27,yandex,cpc,dod-qa,5,0,0,0,0
2023-06-27,facebook,social,hexlet-blog,4,0,0,0,0
2023-06-27,yandex.com,organic,,4,0,0,0,0
2023-06-27,twitter,social,hexlet-blog,3,0,0,0,0
2023-06-27,vk,social,all-courses,3,0,0,0,0
2023-06-27,yandex,cpc,dod-php,3,0,0,0,0
2023-06-27,telegram,cpp,prof-java,2,0,0,0,0
2023-06-27,telegram,social,course_completed,2,0,0,0,0
2023-06-27,telegram,social,dod-professions,2,0,0,0,0
2023-06-27,vk,cpc,freemium-java,2,1523,0,0,0
2023-06-27,vk,social,general,2,0,0,0,0
2023-06-27,vk,social,prof-python,2,0,0,0,0
2023-06-27,yandex,cpc,base-professions-retarget,2,0,0,0,0
2023-06-27,Yandex,cpc,"73043444",1,0,0,0,0
2023-06-27,admitad,cpc,"183258",1,0,0,0,0
2023-06-27,dzen,social,dzen_post,1,0,0,0,0
2023-06-27,instagram,social,hexlet-blog,1,0,0,0,0
2023-06-27,partners,cpm,prof-data-analytics,1,0,0,0,0
2023-06-27,partners,cpm,prof-qa,1,0,0,0,0
2023-06-27,telegram,cpp,dod-frontend,1,0,0,0,0
2023-06-27,telegram,cpp,prof-frontend,1,0,0,0,0
2023-06-27,telegram,cpp,prof-python,1,0,0,0,0
2023-06-27,telegram,social,"20-sovetov-dlya-buduschih-programmistov--ko",1,0,0,0,0
2023-06-27,telegram,social,all-courses,1,0,0,0,0
2023-06-27,telegram,social,promo,1,0,0,0,0
2023-06-27,twitter,social,analitik-dannyh,1,0,0,0,0
2023-06-27,twitter,social,course_completed,1,0,0,0,0
2023-06-27,twitter,social,promo,1,0,0,0,0
2023-06-27,vk,cpc,prof-data-analytics,1,762,0,0,0
2023-06-27,vk,cpc,yaintern,1,0,0,0,0
2023-06-27,vk,cpp,base-frontend,1,0,0,0,0
2023-06-27,vk,cpp,base-java,1,0,0,0,0
2023-06-27,vk,social,base-frontend,1,0,0,0,0
2023-06-27,vk,social,base-python,1,0,0,0,0
2023-06-27,vk,social,dod-professions,1,0,0,0,0
2023-06-27,vk,social,hexlet-blog,1,0,0,0,0
2023-06-27,vk-group,cpc,dod-qa,1,0,0,0,0
2023-06-27,vk-senler,cpc,dod-frontend,1,0,0,0,0
2023-06-27,yandex-direct,cpc,"26980930",1,0,0,0,0
2023-06-27,zen,social,blog,1,0,0,0,0
2023-06-28,google,organic,,5701,0,0,0,0
2023-06-28,organic,organic,,1797,0,0,0,0
2023-06-28,yandex,cpc,freemium,239,15892,0,0,0
2023-06-28,yandex,cpc,prof-python,186,44881,0,0,0
2023-06-28,yandex,cpc,prof-frontend,139,65708,0,0,0
2023-06-28,yandex,cpc,prof-java,112,29048,0,0,0
2023-06-28,admitad,cpa,admitad,100,0,0,0,0
2023-06-28,yandex,cpc,base-python,60,9590,0,0,0
2023-06-28,yandex,cpc,base-java,47,10709,0,0,0
2023-06-28,bing.com,organic,,44,0,0,0,0
2023-06-28,yandex,cpc,base-frontend,43,0,0,0,0
2023-06-28,telegram,cpp,base-python,37,0,0,0,0
2023-06-28,yandex,cpc,prof-professions-brand,34,4791,0,0,0
2023-06-28,yandex,cpc,prof-data-analytics,27,6179,0,0,0
2023-06-28,yandex,cpc,prof-professions-retarget,27,1415,0,0,0
2023-06-28,telegram,social,hexlet-blog,23,0,0,0,0
2023-06-28,yandex,cpc,dod-frontend,19,0,0,0,0
2023-06-28,vk,cpc,freemium-frontend,17,2538,0,0,0
2023-06-28,telegram,cpp,base-java,16,0,0,0,0
2023-06-28,telegram,cpp,prof-python,16,0,0,0,0
2023-06-28,vk,cpc,prof-python,16,4318,0,0,0
2023-06-28,vk-senler,cpc,freemium,14,0,0,0,0
2023-06-28,yandex,cpc,dod-professions,11,0,0,0,0
2023-06-28,vk,cpc,base-python,9,2706,0,0,0
2023-06-28,vk,cpc,prof-java,9,5757,0,0,0
2023-06-28,yandex,cpc,dod-python-java,9,0,0,0,0
2023-06-28,vk,cpc,freemium-python,8,1954,1,0,0
2023-06-28,yandex,cpc,dod-qa,8,2239,0,0,0
2023-06-28,vk,cpc,prof-frontend,6,6628,0,0,0
2023-06-28,yandex,cpc,base-professions-retarget,6,0,0,0,0
2023-06-28,facebook,social,hexlet-blog,5,0,0,0,0
2023-06-28,telegram,cpp,base-frontend,5,0,0,0,0
2023-06-28,vk,cpc,freemium-java,5,1521,0,0,0
2023-06-28,vk,cpp,base-java,5,0,0,0,0
2023-06-28,yandex,cpc,dod-java,5,0,0,0,0
2023-06-28,vk,social,all-courses,4,0,0,0,0
2023-06-28,vk,social,hexlet-blog,3,0,0,0,0
2023-06-28,vk,social,prof-python,3,0,0,0,0
2023-06-28,yandex,cpc,dod-php,3,0,0,0,0
2023-06-28,telegram,cpp,prof-java,2,0,0,0,0
2023-06-28,telegram,social,course_completed,2,0,0,0,0
2023-06-28,twitter,social,promo,2,0,0,0,0
2023-06-28,vk,cpc,prof-data-analytics,2,381,0,0,0
2023-06-28,Yandex,cpc,"67469241",1,0,0,0,0
2023-06-28,admitad,cpc,"183258",1,0,0,0,0
2023-06-28,instagram,social,hexlet-blog,1,0,0,0,0
2023-06-28,instagram,social,prof-java,1,0,0,0,0
2023-06-28,mytarget,cpc,freemium,1,0,0,0,0
2023-06-28,mytarget,cpc,retarget,1,0,0,0,0
2023-06-28,partners,cpm,prof-data-analytics,1,0,0,0,0
2023-06-28,telegram,cpm,base,1,0,0,0,0
2023-06-28,telegram,cpp,prof-frontend,1,0,0,0,0
2023-06-28,telegram,social,dod-professions,1,0,0,0,0
2023-06-28,telegram,social,promo,1,0,0,0,0
2023-06-28,telegram.me,social,kakoy-yazyk-programmirovaniya-vybrat-dlya,1,0,0,0,0
2023-06-28,telegram.me,social,neobhodimyy-minimum-linux-dlya-produktivn,1,0,0,0,0
2023-06-28,twitter,social,webinars,1,0,0,0,0
2023-06-28,vk,cpm,java,1,0,0,0,0
2023-06-28,vk,social,base-python,1,0,0,0,0
2023-06-28,vk,social,prof-data-analyst,1,0,0,0,0
2023-06-28,vk,social,prof-qa,1,0,0,0,0
2023-06-28,vk,social,promo,1,0,0,0,0
2023-06-28,vk-group,cpc,dod-qa,1,0,0,0,0
2023-06-28,vk-senler,cpc,base-frontend,1,0,0,0,0
2023-06-28,vk-senler,cpc,dod-php,1,0,0,0,0
2023-06-28,yandex.com,organic,,1,0,0,0,0
2023-06-29,google,organic,,5921,0,0,0,0
2023-06-29,organic,organic,,1179,0,0,0,0
2023-06-29,yandex,cpc,freemium,227,14981,0,0,0
2023-06-29,yandex,cpc,prof-python,194,45967,0,0,0
2023-06-29,yandex,cpc,prof-frontend,149,65499,0,0,0
2023-06-29,yandex,cpc,prof-java,122,35170,0,0,0
2023-06-29,admitad,cpa,admitad,71,0,0,0,0
2023-06-29,yandex,cpc,base-python,61,16174,0,0,0
2023-06-29,yandex,cpc,base-java,49,11606,0,0,0
2023-06-29,vk-senler,cpc,base-python,47,0,0,0,0
2023-06-29,telegram,cpp,base-python,46,0,0,0,0
2023-06-29,bing.com,organic,,41,0,0,0,0
2023-06-29,yandex,cpc,prof-professions-brand,37,3262,0,0,0
2023-06-29,yandex,cpc,base-frontend,35,4003,0,0,0
2023-06-29,yandex,cpc,prof-data-analytics,29,0,0,0,0
2023-06-29,yandex,cpc,prof-professions-retarget,25,903,0,0,0
2023-06-29,vk,cpc,freemium-frontend,21,2538,0,0,0
2023-06-29,vk-senler,cpc,freemium,21,0,0,0,0
2023-06-29,telegram,social,hexlet-blog,20,0,0,0,0
2023-06-29,yandex,cpc,dod-frontend,18,0,0,0,0
2023-06-29,yandex,cpc,dod-professions,14,0,0,0,0
2023-06-29,telegram,cpp,prof-java,13,0,0,0,0
2023-06-29,vk,cpc,prof-python,13,4303,0,0,0
2023-06-29,yandex,cpc,dod-python-java,12,0,0,0,0
2023-06-29,vk,cpc,prof-frontend,11,5442,1,0,0
2023-06-29,yandex,cpc,dod-java,11,0,0,0,0
2023-06-29,telegram,cpp,base-java,9,0,0,0,0
2023-06-29,telegram,cpp,dod-qa,9,0,0,0,0
2023-06-29,vk,cpc,prof-java,8,5743,0,0,0
2023-06-29,vk,social,base-python,8,0,0,0,0
2023-06-29,vk,social,base-frontend,7,0,0,0,0
2023-06-29,vk,cpc,freemium-python,6,2052,0,0,0
2023-06-29,telegram,cpp,base-frontend,5,0,0,0,0
2023-06-29,yandex,cpc,dod-qa,5,7291,0,0,0
2023-06-29,telegram,cpp,prof-python,4,0,0,0,0
2023-06-29,vk,cpc,base-python,4,2511,0,0,0
2023-06-29,vk,cpp,base-java,4,0,0,0,0
2023-06-29,vk,social,base-java,4,0,0,0,0
2023-06-29,vk,social,general,4,0,0,0,0
2023-06-29,yandex,cpc,dod-php,4,0,0,0,0
2023-06-29,vk,cpc,freemium-java,3,1523,0,0,0
2023-06-29,yandex.com,organic,,3,0,0,0,0
2023-06-29,telegram,social,promo,2,0,0,0,0
2023-06-29,vc,cpp,dod-qa,2,0,0,0,0
2023-06-29,vk,social,all-courses,2,0,0,0,0
2023-06-29,yandex,cpc,base-professions-retarget,2,378,0,0,0
2023-06-29,admitad,cpc,"442763",1,0,0,0,0
2023-06-29,facebook,cpm,freemium-en,1,0,0,0,0
2023-06-29,go.mail.ru,organic,,1,0,0,0,0
2023-06-29,instagram,social,hexlet-blog,1,0,0,0,0
2023-06-29,instagram,social,prof-python,1,0,0,0,0
2023-06-29,partners,cpm,all,1,0,0,0,0
2023-06-29,partners,cpm,prof-data-analytics,1,0,0,0,0
2023-06-29,telegram,cpm,base,1,0,0,0,0
2023-06-29,telegram,cpp,dod-data-analytics,1,0,0,0,0
2023-06-29,telegram,cpp,dod-frontend,1,0,0,0,0
2023-06-29,telegram,cpp,prof-frontend,1,0,0,0,0
2023-06-29,telegram,social,analitik-dannyh,1,0,0,0,0
2023-06-29,telegram,social,dod-professions,1,0,0,0,0
2023-06-29,timepad,cpp,base-frontend,1,0,0,0,0
2023-06-29,twitter,social,hexlet-blog,1,0,0,0,0
2023-06-29,twitter.com,social,chto-napisat-v-soprovoditelnom-pisme-i,1,0,0,0,0
2023-06-29,vk,cpc,freemium,1,0,0,0,0
2023-06-29,vk,cpc,prof-data-analytics,1,0,0,0,0
2023-06-29,vk,social,prof-data-analyst,1,0,0,0,0
2023-06-29,vk,social,unpack,1,0,0,0,0
2023-06-29,vk-senler,cpc,dod-frontend,1,0,0,0,0
2023-06-30,organic,organic,,1068,0,0,0,0
2023-06-30,google,organic,,777,0,0,0,0
2023-06-30,yandex,cpc,freemium,200,17861,0,0,0
2023-06-30,yandex,cpc,prof-python,179,37628,0,0,0
2023-06-30,yandex,cpc,prof-frontend,165,53195,0,0,0
2023-06-30,yandex,cpc,prof-java,125,37068,0,0,0
2023-06-30,yandex,cpc,base-python,77,11174,0,0,0
2023-06-30,admitad,cpa,admitad,71,0,0,0,0
2023-06-30,yandex,cpc,base-java,64,7338,0,0,0
2023-06-30,bing.com,organic,,47,0,0,0,0
2023-06-30,yandex,cpc,prof-professions-brand,43,2821,0,0,0
2023-06-30,yandex,cpc,base-frontend,37,8231,0,0,0
2023-06-30,yandex,cpc,prof-data-analytics,37,0,0,0,0
2023-06-30,telegram,cpp,base-java,30,0,0,0,0
2023-06-30,yandex,cpc,dod-frontend,20,0,0,0,0
2023-06-30,yandex,cpc,prof-professions-retarget,19,1295,0,0,0
2023-06-30,telegram,social,hexlet-blog,16,0,0,0,0
2023-06-30,vk-senler,cpc,freemium,16,0,0,0,0
2023-06-30,vk-senler,cpc,base-python,15,0,0,0,0
2023-06-30,vk,cpc,prof-java,14,7529,0,0,0
2023-06-30,telegram,cpp,base-frontend,13,0,0,0,0
2023-06-30,telegram,cpp,base-python,13,0,0,0,0
2023-06-30,vk,cpc,freemium-python,12,2101,1,0,0
2023-06-30,yandex,cpc,dod-professions,12,0,0,0,0
2023-06-30,telegram,cpp,prof-java,8,0,1,0,0
2023-06-30,vk,cpc,freemium-frontend,8,2539,0,0,0
2023-06-30,yandex,cpc,dod-java,8,0,0,0,0
2023-06-30,telegram,cpp,prof-python,7,0,1,0,0
2023-06-30,vk,cpc,prof-python,7,4989,0,0,0
2023-06-30,yandex,cpc,dod-python-java,7,0,0,0,0
2023-06-30,vk,cpc,prof-frontend,6,4306,1,0,0
2023-06-30,vk,cpp,base-java,6,0,0,0,0
2023-06-30,vk,social,base-frontend,6,0,0,0,0
2023-06-30,yandex,cpc,base-professions-retarget,5,608,0,0,0
2023-06-30,yandex,cpc,dod-php,5,0,0,0,0
2023-06-30,yandex,cpc,dod-qa,5,6510,0,0,0
2023-06-30,vk,cpc,freemium-java,4,1524,0,0,0
2023-06-30,vk,social,base-java,4,0,0,0,0
2023-06-30,facebook,social,hexlet-blog,3,0,0,0,0
2023-06-30,vk,cpc,base-python,3,2284,0,0,0
2023-06-30,vk,cpp,intensive-python,3,0,0,0,0
2023-06-30,twitter,social,promo,2,0,0,0,0
2023-06-30,vk,cpp,base-frontend,2,0,0,0,0
2023-06-30,vk,social,all-courses,2,0,0,0,0
2023-06-30,vk,social,base-python,2,0,0,0,0
2023-06-30,vk,social,general,2,0,0,0,0
2023-06-30,vk,social,hexlet,2,0,0,0,0
2023-06-30,vk,social,prof-python,2,0,0,0,0
2023-06-30,admitad,cpc,"183258",1,0,0,0,0
2023-06-30,baidu.com,organic,,1,0,0,0,0
2023-06-30,facebook,cpc,freemium,1,0,0,0,0
2023-06-30,partners,cpm,prof-data-analytics,1,0,0,0,0
2023-06-30,rutube,social,all-courses,1,0,0,0,0
2023-06-30,social,youtube,php-open-lesson-260321,1,0,0,0,0
2023-06-30,telegram,cpp,dod-java,1,0,0,0,0
2023-06-30,telegram,social,course_completed,1,0,0,0,0
2023-06-30,telegram,social,dod-professions,1,0,0,0,0
2023-06-30,telegram,social,ni-dlya-kogo-ne-sekret--chto-iz-knig-mozhno,1,0,0,0,0
2023-06-30,telegram.me,social,neobhodimyy-minimum-linux-dlya-produktivn,1,0,0,0,0
2023-06-30,tg,social,internship_summer23,1,0,0,0,0
2023-06-30,vk,cpc,frontend,1,0,0,0,0
2023-06-30,vk,cpc,yaintern,1,0,0,0,0
2023-06-30,vk,cpp,dod-qa,1,0,0,0,0
2023-06-30,vkontakte,social,button-vk,1,0,0,0,0
2023-06-30,yandex.com,organic,,1,0,0,0,0
2023-06-30,zen,social,prof-frontend,1,0,0,0,0
